,N176PT,N99UL,N153HL,N227UW,N209AA,N182HS,N167BU,N228DE,N113HL,N208PJ,N135HB,N97BY,N135LF,N212DN,N178NP,N226ET,N97AN,N176AW,N177AL,N182JN,N213DB,N226RU,N145DH,N179HW,N212AX,N181NE,N213PD,N99PG,N111PN,N182TW,N176DX,N227ST,N182HA,N178JG,N99EP,N153PU,N134HD,N145PA,N165RE,N167NR,N167NL,N167AA,N99LS,N200TH,N213AG,N212NN,N112DN,N154BN,N147AA,N165GY,N183AT,N135EL,N169ES,N179RE,N155JA,N111EY,N99JJ,N98NP,N97PY,N177HX,N179YD,N179FS,N160LH,N144TB,N166TS,N135EX,N179FY,N183BW,N155AA,N165SA,N208BU,N134RE,N90TY,N179DH,N211SX,N165ED,N228JQ,N156PS,N176TR,N112TP,N135DR,N135HS,N135XL,N146BW,N160DJ,N213BA,N112BA,N160AY,N135DE,N135DS,N166NA,N111AT,N182TB,N179PS,N135AJ,N144BS,N153LX,N134QU,N212BD,N211JG,N134QA,N227RU,N179GP,N178AJ
N176PT,0.0,4.121,3.54,5.205,10.287,4.87,4.611000000000001,4.365,7.343,11.97,4.985,7.62,5.12,6.314,1.274,2.73,4.4719999999999995,1.993,1.4409999999999998,3.1180000000000003,5.767,2.115,8.017999999999999,1.56,5.9270000000000005,4.957,5.778,6.0360000000000005,6.507999999999999,2.5660000000000003,1.655,3.839,4.798,2.8080000000000003,6.321000000000001,3.258,5.721,6.869,2.853,4.843999999999999,4.814,3.8560000000000003,4.475,9.698,5.669,6.7410000000000005,5.513,0.845,6.972,3.553,5.269,3.9819999999999998,4.8580000000000005,0.738,2.7110000000000003,8.847999999999999,5.7410000000000005,6.426,6.627999999999999,2.3209999999999997,2.25,2.18,5.077,7.792999999999999,2.571,5.152,2.279,4.4639999999999995,2.386,3.665,11.155999999999999,5.542000000000001,4.577,1.1440000000000001,7.954,3.471,4.195,2.858,1.643,5.025,4.098,4.792,5.125,6.879,5.287000000000001,4.938,5.501,4.809,3.95,4.438,3.475,6.246,2.278,2.182,4.529,7.486000000000001,3.188,6.081,6.175,6.9510000000000005,5.812,4.452,2.074,1.422
N99UL,5.721,0.0,6.4879999999999995,5.925,8.332,5.191,10.097000000000001,5.926,6.8839999999999995,9.941,2.33,4.3919999999999995,2.465,2.207,5.696000000000001,5.727,2.434,4.942,4.353,3.8160000000000003,3.112,5.082,5.3629999999999995,7.046,1.82,2.275,2.315,1.929,6.325,3.883,6.732,6.79,3.675,4.502,2.215,6.207000000000001,3.39,4.215,8.339,10.33,10.300999999999998,9.342,1.983,7.042999999999999,2.106,2.634,4.874,6.331,4.317,9.039,6.9479999999999995,2.205,10.38,6.224,7.035,6.193,1.6340000000000001,3.8939999999999997,2.522,4.601,6.672999999999999,7.667000000000001,10.599,4.393,8.058,2.497,7.766,7.191,7.082000000000001,9.657,9.127,2.887,2.539,6.797000000000001,4.3469999999999995,8.993,4.917,8.583,6.481,4.734,1.9340000000000002,2.137,2.47,4.224,10.809000000000001,1.475,5.432,10.33,1.255,1.7830000000000001,8.961,4.511,4.062,7.669,1.385,4.831,6.1370000000000005,3.085,2.069,3.612,3.157,5.834,7.56,5.401
N153HL,2.944,4.856,0.0,4.012,9.241,6.819,5.529,2.735,5.767,10.850999999999999,5.72,9.234,5.521,7.0489999999999995,3.497,2.613,7.276,1.7930000000000001,2.84,5.247000000000001,6.502000000000001,1.9969999999999999,8.414,3.1460000000000004,6.662000000000001,5.692,6.513,6.771,4.933,4.695,1.683,2.645,6.9239999999999995,3.543,7.056,0.319,5.604,7.605,3.555,5.7620000000000005,5.732,4.937,6.825,9.3,6.404,7.476,3.938,2.307,7.079,4.255,7.396,4.717,4.416,3.8169999999999997,1.515,6.785,6.476,8.552,7.364,2.467,4.01,3.766,5.078,8.527999999999999,3.2739999999999996,5.726,3.865,6.591,1.6230000000000002,4.137,10.037,5.712999999999999,7.381,3.553,8.689,3.4730000000000003,4.078,3.063,1.8090000000000002,3.449,4.833,5.707000000000001,5.676,7.647,5.289,5.672999999999999,4.287,4.81,4.685,5.1739999999999995,4.177,6.129,4.407,3.7680000000000002,5.263999999999999,8.221,0.617,5.502000000000001,6.9110000000000005,7.686,6.169,3.258,3.66,3.534
N227UW,5.205,5.2170000000000005,3.92,0.0,5.7170000000000005,7.144,8.924,1.7819999999999998,3.872,7.327000000000001,4.059,10.176,3.55,7.41,5.18,2.5580000000000003,7.542999999999999,3.549,4.315,6.515,4.346,3.525,4.739,6.801,7.024,6.053999999999999,5.995,7.132999999999999,2.826,6.582000000000001,5.3389999999999995,1.38,7.355,5.425,7.417999999999999,3.9139999999999997,2.528,4.548,6.784,9.157,9.128,8.332,7.013,5.1770000000000005,5.445,6.249,1.855,5.962999999999999,3.625,7.484,8.9,4.194,7.547000000000001,5.707999999999999,5.642,4.678,6.837999999999999,8.982000000000001,7.725,3.753,6.157,7.422000000000001,7.672999999999999,6.627999999999999,6.502999999999999,3.7539999999999996,7.521,9.144,5.689,7.532,6.513,3.912,7.649,6.281000000000001,6.9639999999999995,6.867999999999999,2.484,6.292000000000001,5.465,1.367,4.545,3.5789999999999997,3.7039999999999997,4.194,8.164,4.711,0.727,7.405,5.046,4.088,7.406000000000001,2.444,6.7620000000000005,7.4239999999999995,4.8839999999999995,5.164,3.8760000000000003,4.043,7.272,5.961,3.778,1.129,7.316,5.153
N209AA,10.448,7.956,8.288,5.694,0.0,9.883,14.081,5.794,2.761,2.065,6.721,12.915,6.51,8.202,10.424000000000001,7.192,10.282,8.183,9.081,9.254,5.875,8.158999999999999,3.238,11.774000000000001,8.019,8.792,7.687,9.871,3.642,9.321,9.972000000000001,6.579,10.093,9.229,10.156,8.282,5.5520000000000005,4.119,11.940999999999999,14.314,14.285,13.489,9.751,1.3159999999999998,7.351,7.072,5.504,11.059000000000001,4.963,12.640999999999998,11.639000000000001,7.441,12.704,10.952,9.478,2.388,9.576,11.720999999999998,10.464,8.238,12.385,14.306,12.83,5.216,11.66,6.5489999999999995,14.405,11.883,9.586,12.689,1.251,5.917000000000001,10.387,13.097999999999999,6.247000000000001,12.025,6.496,11.449000000000002,10.099,5.083,8.402000000000001,6.8260000000000005,6.375,4.321000000000001,13.321,7.521,6.431,12.562000000000001,8.032,7.335,12.562999999999999,4.022,9.5,14.308,7.777,4.1930000000000005,8.244,6.047999999999999,8.267999999999999,6.119,5.7829999999999995,6.233,14.2,10.129
N182HS,4.836,3.707,6.6979999999999995,7.149,9.94,0.0,8.429,6.129,7.727,11.55,4.572,3.6239999999999997,4.707,5.9,4.239,5.937,1.879,5.152,4.563,1.6280000000000001,5.354,5.292000000000001,8.185,4.511,5.513999999999999,3.842,5.365,2.3280000000000003,6.995,1.695,5.4910000000000005,6.768,0.71,3.145,2.677,6.417000000000001,5.375,6.456,6.671,8.663,8.633,7.6739999999999995,2.2359999999999998,9.07,5.256,6.327999999999999,6.099,4.664,6.559,7.371,2.428,3.569,8.676,3.833,6.547000000000001,8.38,5.327999999999999,2.43,2.9730000000000003,4.811,3.095,5.016,8.895,7.379,6.39,4.739,5.115,2.6719999999999997,5.631,7.484,10.735999999999999,5.127999999999999,2.184,3.807,7.541,7.289,5.121,6.6770000000000005,5.356,5.957999999999999,3.685,4.379,4.712,6.466,9.106,4.525,6.656000000000001,8.627,3.536,4.025,7.292999999999999,5.9,1.875,5.018,4.1160000000000005,7.0729999999999995,6.347,5.272,5.7620000000000005,6.537999999999999,5.399,7.059,4.909,4.387
N167BU,4.939,8.825,5.446000000000001,8.925,14.113,8.783,0.0,9.147,10.834000000000001,15.722999999999999,9.689,11.532,9.824,11.017999999999999,5.978,7.2860000000000005,10.282,6.466,6.145,8.655,10.470999999999998,6.67,12.722000000000001,4.9319999999999995,10.630999999999998,9.661,10.482000000000001,10.731,11.344000000000001,6.66,4.921,7.558,8.711,7.5120000000000005,11.08,5.127000000000001,10.277000000000001,11.574000000000002,2.65,0.7490000000000001,0.7190000000000001,0.752,10.639000000000001,12.540999999999999,10.373,11.445,10.349,4.093999999999999,11.675999999999998,2.115,9.182,8.686,2.016,5.603,4.306,11.852,10.445,10.338,11.333,7.14,5.796,5.553,1.484,12.497,2.8480000000000003,9.856,5.652,8.377,4.024,1.88,14.909,10.245999999999999,10.655,5.3389999999999995,12.658,2.544,7.997999999999999,3.0669999999999997,4.7860000000000005,9.861,8.802,9.496,9.829,11.583,1.641,9.642000000000001,9.905,1.534,8.654,9.142000000000001,1.85,10.802,6.371,5.555,9.232999999999999,12.19,5.457999999999999,10.175,10.879000000000001,11.655,10.515999999999998,8.171,5.446000000000001,6.126
N228DE,5.016,4.215,2.593,1.7830000000000001,5.707999999999999,6.141,8.427999999999999,0.0,3.1310000000000002,8.01,2.918,9.173,2.541,6.407,4.9910000000000005,1.4969999999999999,6.541,2.488,3.648,5.5120000000000005,3.792,2.464,4.186,5.74,6.021,5.051,4.306,6.13,2.2969999999999997,4.949,4.277,0.884,6.352,3.7969999999999997,6.415,2.5869999999999997,1.975,3.9939999999999998,6.287999999999999,8.661,8.632,7.836,6.01,4.8389999999999995,4.8919999999999995,5.695,1.3019999999999998,4.901,3.072,6.9879999999999995,7.898,3.1910000000000003,7.051,5.519,3.783,4.149,5.835,7.979,6.722,2.5980000000000003,5.968,6.36,7.1770000000000005,6.074,6.007000000000001,2.7460000000000004,6.459,8.141,4.627,7.0360000000000005,6.504,3.358,6.646,6.0920000000000005,6.41,6.372000000000001,1.087,5.796,4.4030000000000005,0.813,3.6460000000000004,2.68,2.696,3.64,7.667999999999999,3.7030000000000003,1.29,6.909,4.044,3.1889999999999996,6.91,1.915,4.6610000000000005,6.362,3.8810000000000002,4.611000000000001,2.549,3.489,6.269,5.407,3.225,1.692,6.254,4.696000000000001
N113HL,8.337,5.845,5.627999999999999,3.6639999999999997,2.772,7.771,11.463,3.135,0.0,4.382,4.61,10.802999999999999,4.399,7.48,8.312999999999999,4.532,8.171,5.523,6.97,7.142,3.764,5.499,2.915,8.775,7.297999999999999,6.681,5.5760000000000005,7.76,0.983,7.21,7.313,3.9189999999999996,7.982,7.117999999999999,8.045,5.622000000000001,3.4410000000000003,3.7739999999999996,9.324,11.697000000000001,11.667,10.872,7.64,2.275,5.24,5.83,3.158,7.937,2.852,9.352,9.527999999999999,5.33,10.087,8.84,6.819,2.089,7.465,9.61,8.353,5.579,10.274000000000001,12.195,10.213,5.212000000000001,8.37,4.438,12.294,9.771,7.662999999999999,10.072000000000001,3.568,3.806,8.276,10.987,6.19,9.407,3.8360000000000003,8.158999999999999,7.439,2.5789999999999997,6.291,4.715,4.263999999999999,3.42,10.703,5.41,3.1710000000000003,9.945,5.921,5.224,9.274,1.91,7.388999999999999,12.197000000000001,5.665,4.032,5.584,3.937,7.547000000000001,5.187,3.6719999999999997,3.574,12.089,8.017000000000001
N208PJ,12.075,9.583,9.915,7.32,2.064,11.509,15.707,7.421,4.387,0.0,8.347999999999999,14.540999999999999,8.137,9.828,12.050999999999998,8.818,11.909,9.809,10.707,10.88,7.502000000000001,9.785,4.865,13.4,9.646,10.419,9.314,11.498,5.269,10.948,11.599,8.205,11.72,10.856,11.783,9.908999999999999,7.178999999999999,5.745,13.568,15.940999999999999,15.911,15.116,11.378,2.943,8.978,8.699,7.131,12.686,6.5889999999999995,14.267999999999999,13.265999999999998,9.068,14.331,12.578,11.105,4.015,11.203,13.347000000000001,12.09,9.865,14.012,15.933,14.457,6.8420000000000005,13.286,8.176,16.032,13.509,11.213,14.315999999999999,1.5219999999999998,7.544,12.014000000000001,14.725,7.874,13.651,8.123,13.075999999999999,11.725,6.71,10.029,8.453,8.001,5.947,14.947000000000001,9.148,8.057,14.189,9.658999999999999,8.962,14.19,5.648,11.127,15.935,9.402999999999999,5.82,9.87,7.6739999999999995,9.895,7.746,7.41,7.86,15.827,11.755
N135HB,5.058,2.331,5.8260000000000005,3.8489999999999998,6.981,4.51,12.347000000000001,2.859,4.665,8.59,0.0,7.542000000000001,0.374,3.935,5.034,3.366,4.909,4.28,3.6910000000000003,3.8810000000000002,1.6369999999999998,4.42,3.888,6.3839999999999995,3.075,3.4019999999999997,1.86,4.481,4.107,3.948,6.069,3.498,4.721,3.839,4.766,5.545,1.315,2.74,7.6770000000000005,12.581,9.638,11.592,4.379,5.692,1.5390000000000001,2.72,2.799,5.669,2.029,8.377,6.266,0.865,9.717,5.562,6.372999999999999,4.843,4.186,6.348,5.074,3.938,7.013,8.934,9.936,3.6630000000000003,10.308,0.171,9.033,6.51,6.419,8.995,7.777,0.763,5.015,7.726,3.824,8.33,1.85,7.921,5.819,2.659,1.216,0.48,0.374,2.7489999999999997,10.146,1.2570000000000001,3.3569999999999998,9.668,1.375,0.759,11.210999999999999,2.436,4.127,8.936,1.119,3.3560000000000003,5.475,0.8340000000000001,3.323,2.821,1.034,3.759,8.827,4.739
N97BY,8.316,6.0920000000000005,9.083,9.541,12.332,3.62,11.175,8.521,10.118,13.940999999999999,6.957000000000001,0.0,7.0920000000000005,4.914,4.914,8.322000000000001,2.122,7.537000000000001,6.9479999999999995,3.407,6.365,7.6770000000000005,9.988999999999999,7.257000000000001,4.5280000000000005,4.869,5.127999999999999,2.571,9.387,3.4739999999999998,8.237,9.385,3.194,4.954,2.685,8.802,7.766,8.841000000000001,9.418,11.409,11.379000000000001,10.42,2.6439999999999997,11.067,5.65,5.3420000000000005,8.49,7.41,8.943,10.118,5.457000000000001,5.952999999999999,11.422,6.579,9.293,10.82,2.8930000000000002,1.31,2.103,7.195,5.841,7.7620000000000005,11.640999999999998,7.101,9.136000000000001,7.122999999999999,7.861000000000001,5.7010000000000005,8.377,10.23,13.127,7.513,1.7409999999999999,6.553999999999999,7.053999999999999,10.035,7.5120000000000005,9.423,8.103,8.35,6.07,6.763999999999999,7.096,8.851,11.852,5.614,9.048,11.373,5.921,6.41,10.039,8.291,3.654,7.763999999999999,5.524,9.457,8.732000000000001,7.712000000000001,4.776,6.319,7.784,9.45,7.655,5.062
N135LF,5.039,2.5469999999999997,5.807,3.532,6.664,4.474,9.415,2.541,4.348,8.273,0.374,7.506,0.0,3.9619999999999997,5.015,3.049,4.873,4.261,3.6719999999999997,3.845,1.923,4.401,3.807,6.365,3.576,3.383,2.265,4.462,3.7889999999999997,3.912,6.051,3.18,4.684,3.821,4.748,5.526,0.997,2.89,7.6579999999999995,9.649,9.619,8.66,4.342,5.375,2.056,3.79,2.4819999999999998,5.65,2.039,8.357999999999999,6.23,0.943,9.698,5.542999999999999,6.354,4.525,4.167,6.312,5.055,3.9189999999999996,6.977,8.897,9.917,4.0360000000000005,7.376,0.483,8.996,6.474,6.4,8.976,7.459,0.877,4.979,7.689,4.198,8.311,1.5330000000000001,7.902,5.8,2.3409999999999997,1.294,0.557,0.654,2.6069999999999998,10.128,2.042,3.0389999999999997,9.649,1.5090000000000001,0.8370000000000001,8.28,2.119,4.091,8.899,1.633,3.5069999999999997,5.456,0.667,3.824,3.195,1.345,3.4419999999999997,8.791,4.72
N212DN,6.284,2.968,7.0520000000000005,8.261000000000001,8.247,5.755,10.66,6.49,7.521,9.856,3.9330000000000003,4.3260000000000005,3.9619999999999997,0.0,6.26,6.291,2.932,5.506,4.917,5.126,3.3489999999999998,5.646,5.2010000000000005,7.61,0.629,2.838,2.2030000000000003,2.521,6.962000000000001,5.193,7.295,7.354,5.965,5.065,1.962,6.771,4.49,4.053,8.902999999999999,10.894,10.864,9.905,2.605,6.957999999999999,2.89,1.46,7.211,6.895,4.954,9.603,7.511,3.702,10.943,6.787999999999999,7.599,6.108,1.4240000000000002,4.789,2.456,5.164,7.236000000000001,8.23,11.162,2.991,8.621,3.51,8.329,7.755,7.645,10.221,9.042,3.752,3.161,7.361000000000001,2.945,9.556000000000001,5.481,9.147,7.045,7.071000000000001,3.5380000000000003,3.635,3.335,4.063,11.372,2.71,7.768,10.894,2.859,3.281,9.525,6.212999999999999,5.372000000000001,8.232000000000001,2.6210000000000004,4.7989999999999995,6.7010000000000005,3.95,0.529,2.64,4.206,8.171,8.124,5.965
N178NP,1.278,4.13,3.549,5.2139999999999995,10.296,4.367,5.654,4.374,7.352,11.979000000000001,4.994,7.117000000000001,5.129,6.3229999999999995,0.0,2.739,3.969,2.002,1.45,2.615,5.776,2.124,8.027000000000001,2.6039999999999996,5.936,4.966,5.787000000000001,4.457,6.517,2.063,2.344,3.8480000000000003,4.295,2.8169999999999997,6.33,3.2680000000000002,5.73,6.879,3.8960000000000004,5.888,5.858,4.899,3.972,9.707,5.678,6.75,5.522,1.889,6.981,4.5969999999999995,4.7669999999999995,3.991,5.901,1.361,3.4,8.857000000000001,5.75,5.922999999999999,6.638,2.33,1.7469999999999999,3.2239999999999998,6.12,7.8020000000000005,3.615,5.1610000000000005,3.323,3.9619999999999997,3.074,4.709,11.165,5.551,4.074,1.8719999999999999,7.962999999999999,4.513999999999999,4.204,3.9019999999999997,2.332,5.034,4.107,4.801,5.1339999999999995,6.888,6.331,4.947,5.51,5.852,3.9589999999999996,4.448,4.518,6.255,1.775,3.2260000000000004,4.538,7.495,3.197,6.09,6.184,6.96,5.821000000000001,4.461,3.1180000000000003,0.193
N226ET,2.739,4.0169999999999995,1.805,2.5869999999999997,8.104,6.801,7.19,1.568,4.601,9.714,3.832,9.833,3.4560000000000004,6.3020000000000005,2.715,0.0,7.2,1.084,1.85,4.559,4.879,1.06,6.349,4.336,5.915,4.853,5.221,5.932,3.766,4.007,2.873,1.22,7.0120000000000005,2.7039999999999997,6.2170000000000005,2.349,3.5389999999999997,5.936,5.2170000000000005,7.4239999999999995,7.394,6.599,6.67,7.234,5.013,6.729,2.7710000000000004,3.497,5.013999999999999,5.917000000000001,8.557,3.97,5.505,3.2430000000000003,3.177,6.545,5.6370000000000005,8.639,6.524,1.454,3.6910000000000003,4.956,6.74,7.023,4.935,3.661,5.055,5.906000000000001,3.2230000000000003,5.7989999999999995,8.9,3.647,7.306,3.8160000000000003,7.185,5.1339999999999995,1.9069999999999998,4.725,2.9989999999999997,2.282,4.6080000000000005,3.642,3.611,5.582000000000001,6.95,4.618,2.759,6.472,3.938,4.426,5.8389999999999995,4.064,3.719,4.958,4.947,6.553,2.279,3.437,6.162999999999999,6.182,4.103,1.8330000000000002,4.85,2.688
N97AN,6.931,4.708,7.699,8.156,10.947000000000001,2.306,10.42,7.136,8.734,12.557,5.572,1.864,5.707000000000001,3.53,6.907,6.938,0.0,6.153,5.564,2.658,4.98,6.292999999999999,8.605,6.502000000000001,3.1430000000000002,3.485,3.7439999999999998,1.785,8.002,2.725,7.942,8.001,2.149,5.712000000000001,1.301,7.417999999999999,6.382000000000001,7.456,8.662,10.652999999999999,10.624,9.665,2.4730000000000003,10.285,4.265,3.957,7.106,6.654,7.559,9.362,4.702,4.569,10.667,5.824,8.246,9.435,1.508,1.8459999999999999,1.224,5.811,5.085,7.006,10.886,5.716,8.381,5.739,7.105,4.945,8.292,9.475,11.743,6.129,0.491,5.797999999999999,5.67,9.28,6.127999999999999,8.668,7.692,6.966,4.685,5.379,5.712000000000001,7.466,11.095999999999998,4.229,7.662999999999999,10.618,4.537,5.025,9.283999999999999,6.907,2.905,7.007999999999999,4.14,8.073,7.347,6.327000000000001,3.392,4.935,6.399,8.066,6.9,6.611000000000001
N176AW,2.332,3.2960000000000003,1.805,3.528,8.61,5.2589999999999995,6.365,2.688,5.666,10.219,4.16,7.6739999999999995,3.9610000000000003,5.489,2.307,1.053,5.716,0.0,1.28,3.687,4.942,0.43700000000000006,6.854,3.511,5.102,4.132,4.953,5.211,4.831,3.135,2.048,2.162,5.468999999999999,1.983,5.496,1.524,4.044,6.045,4.3919999999999995,6.599,6.569,5.774,5.265,7.74,4.843999999999999,5.916,3.8360000000000003,2.6719999999999997,5.519,5.092,7.015,3.157,5.696000000000001,2.835,2.352,7.05,4.916,7.097,5.803999999999999,0.907,3.284,4.131,5.915,6.968,4.11,4.166,4.23,5.497999999999999,2.398,4.974,9.405,4.1530000000000005,5.821000000000001,3.918,7.129,4.309,2.5180000000000002,3.9,2.174,3.347,3.273,4.147,4.1160000000000005,6.087000000000001,6.125,4.113,3.824,5.647,3.125,3.614,5.013999999999999,4.569,2.847,4.133,3.7039999999999997,6.6610000000000005,1.453,3.9419999999999997,5.351,6.126,4.609,2.775,4.025,2.28
N177AL,1.426,2.738,2.773,5.287999999999999,8.978,4.7010000000000005,5.8020000000000005,3.66,6.6370000000000005,10.587,3.602,7.1160000000000005,3.737,4.931,1.402,1.837,5.1579999999999995,1.227,0.0,3.2460000000000004,4.3839999999999995,1.222,6.635,2.752,4.544,3.574,4.395,4.6530000000000005,5.8020000000000005,2.694,2.199,3.678,4.926,1.425,4.939,2.492,4.801,5.487,4.045,6.0360000000000005,6.006,5.047,4.707,8.315,4.2860000000000005,5.358,4.8069999999999995,2.037,5.5889999999999995,4.745,5.397,2.5989999999999998,6.665,1.929,3.32,7.465,4.3580000000000005,6.553999999999999,5.246,0.9390000000000001,2.378,3.372,6.8839999999999995,6.41,3.763,3.7689999999999997,3.471,4.592,3.367,4.857,9.773,4.159,5.263,2.502,6.571000000000001,5.278,3.148,4.868,2.187,4.319,2.715,3.41,3.742,5.496,7.093999999999999,3.555,4.795,6.6160000000000005,2.5669999999999997,3.056,4.667,5.3260000000000005,2.406,3.3739999999999997,3.1460000000000004,6.103,2.4219999999999997,4.699,4.793,5.568,4.43,4.291,3.266,1.1059999999999999
N182JN,3.092,2.9739999999999998,5.965,6.415,9.207,1.643,8.32,5.396,6.992999999999999,10.815999999999999,3.838,3.423,3.9730000000000003,5.167000000000001,2.086,4.553,1.945,4.419,3.83,0.0,4.62,3.938,7.4510000000000005,3.708,4.78,2.895,4.631,2.489,6.2620000000000005,0.701,5.382000000000001,6.035,1.6980000000000002,2.1590000000000003,2.839,5.684,4.641,5.723,6.563,8.554,8.524,7.565,2.004,8.337,4.522,5.593999999999999,5.365,4.555,5.825,7.263,3.4,2.835,8.568,3.03,6.438,7.647,4.593999999999999,3.475,3.0389999999999997,4.077,2.292,4.907,8.787,6.646,6.281000000000001,4.005,5.006,2.673,5.522,7.375,10.002,4.395,2.05,3.0039999999999996,6.807,7.181,4.387,6.568,5.247999999999999,5.225,2.951,3.645,3.978,5.732,8.997,3.7910000000000004,5.922999999999999,8.519,2.803,3.2910000000000004,7.185,5.166,0.825,4.909,3.3819999999999997,6.3389999999999995,5.614,4.539,5.0280000000000005,5.803999999999999,4.665,6.325,4.801,2.234
N213DB,5.84,3.113,6.608,4.512,5.22,5.311,10.216000000000001,3.958,3.7710000000000004,6.829,1.6369999999999998,7.725,1.837,3.3539999999999996,5.816,5.847,5.768,5.062,4.473,4.6819999999999995,0.0,5.202000000000001,2.251,7.166,2.7510000000000003,4.184,1.64,5.263,3.213,4.749,6.851,4.743,5.521,4.621,4.207,6.327000000000001,2.6,1.102,8.459,10.45,10.42,9.461,5.317,3.931,1.304,1.895,3.4619999999999997,6.4510000000000005,1.205,9.158999999999999,7.067,2.612,10.499,6.343,7.155,3.0810000000000004,3.6689999999999996,7.149,5.856,4.72,6.792000000000001,7.7860000000000005,10.718,2.7760000000000002,8.177,1.354,7.885,7.311,7.2010000000000005,9.777000000000001,6.015,1.151,5.872999999999999,6.917000000000001,2.937,9.112,2.87,8.703,6.601,3.321,2.5269999999999997,1.943,1.179,1.112,10.927999999999999,1.646,4.019,10.45,2.157,2.19,9.081,2.464,4.928,7.787999999999999,1.901,1.719,6.257000000000001,1.67,3.0,1.9340000000000002,0.8029999999999999,4.422,7.68,5.52
N226RU,2.49,3.767,1.784,3.47,8.552,5.73,6.343999999999999,2.63,5.607,10.161,4.28,8.145,3.903,5.96,2.4659999999999997,0.995,6.187,1.412,1.601,4.31,5.3260000000000005,0.0,6.796,3.49,5.574,4.604,5.667999999999999,5.683,4.773,3.758,2.0269999999999997,2.104,5.941,2.454,5.968,1.5019999999999998,3.986,6.382999999999999,4.371,6.577000000000001,6.547999999999999,5.752999999999999,5.737,7.682,5.46,6.388,3.778,2.6510000000000002,5.461,5.071000000000001,6.461,4.704,5.675,2.9930000000000003,2.331,6.992000000000001,5.388,9.086,6.275,1.3780000000000001,3.4419999999999997,4.11,5.894,7.471,4.0889999999999995,4.1080000000000005,4.209,5.656000000000001,2.377,4.953,9.347000000000001,4.093999999999999,6.292999999999999,3.897,7.632000000000001,4.288,2.46,3.878,2.153,3.2889999999999997,3.745,4.0889999999999995,4.058,6.029,6.104,5.065,3.766,5.626,3.596,4.598,4.993,4.511,3.47,4.112,4.176,7.0,1.432,3.884,5.822,6.629,4.55,2.716,4.004,2.439
N145DH,8.311,5.388,9.079,4.727,3.238,7.746,12.687999999999999,4.173,2.96,4.848,4.002,10.777999999999999,3.7910000000000004,5.114,8.287,5.571000000000001,8.145,7.5329999999999995,6.944,7.117000000000001,2.275,7.672999999999999,0.0,9.637,4.9319999999999995,6.655,4.026,7.734,2.401,7.184,9.323,4.958,7.956,7.093,6.388,8.798,2.833,1.207,10.93,12.921,12.890999999999998,11.933,7.614,1.949,3.75,3.985,3.677,8.922,2.244,11.63,9.502,4.7219999999999995,11.125,8.815,9.626,1.1,5.85,9.584,8.327,6.176,10.249,12.17,11.251,2.983,10.648,3.83,12.269,9.746,9.672,12.248,4.034,3.198,8.251,10.960999999999999,3.824,11.583,4.376,11.174000000000001,9.072000000000001,3.536,4.801,4.107,3.656,1.358,11.742,3.92,4.234,10.982999999999999,4.4319999999999995,4.465,11.552,2.411,7.3629999999999995,12.172,4.176,1.392,8.728,3.3289999999999997,5.181,2.821,3.0639999999999996,4.637,12.062999999999999,7.992000000000001
N179HW,1.735,5.604,3.313,6.689,11.77,4.524,4.723,5.849,8.826,13.38,6.468999999999999,7.274,6.604,7.797000000000001,2.155,4.213,6.024,3.682,2.925,4.397,7.251,3.5980000000000003,10.015,0.0,7.41,7.176,7.2620000000000005,6.472,7.992000000000001,4.405,1.8130000000000002,5.322,4.452,3.3819999999999997,6.821000000000001,2.9939999999999998,9.307,8.353,2.965,4.956,4.926,3.968,6.285,10.9,7.153,8.225,6.996,0.986,8.455,3.665,4.9239999999999995,5.465,4.97,1.217,2.8689999999999998,10.673,7.224,6.08,7.32,3.805,1.41,1.294,5.189,9.276,2.6830000000000003,6.635,1.393,4.119,1.925,3.7769999999999997,12.565999999999999,7.025,6.396,0.953,9.437000000000001,3.583,5.678999999999999,2.97,1.679,6.507999999999999,5.582000000000001,6.276,6.608,8.363,5.399,6.422000000000001,6.985,4.921,5.433,5.922000000000001,3.5869999999999997,7.73,2.7689999999999997,1.296,6.013,8.969,3.242,9.205,7.659,8.435,7.296,5.935,1.188,2.303
N212AX,5.849,2.533,6.617000000000001,7.074,8.13,5.32,10.225,6.053999999999999,7.404,9.74,3.498,3.891,3.5269999999999997,0.512,5.825,5.856,2.497,5.071000000000001,4.481,4.691,2.821,5.211,5.085,7.1739999999999995,0.0,2.403,1.767,2.086,6.846,4.758,6.86,6.919,5.53,4.63,1.526,6.336,4.055,3.937,8.467,10.459000000000001,10.429,9.47,2.17,6.8420000000000005,2.289,1.3430000000000002,6.024,6.46,4.838,9.167,7.0760000000000005,3.267,10.508,6.352,7.164,5.992000000000001,0.9890000000000001,4.354,2.021,4.729,6.801,7.795,10.727,2.875,8.186,3.074,7.894,7.32,7.21,9.786,8.926,3.3169999999999997,2.7260000000000004,6.925,2.8289999999999997,9.121,5.046,8.711,6.61,5.8839999999999995,3.102,3.199,2.9,3.946,10.937000000000001,2.275,6.581,10.459000000000001,2.423,2.845,9.089,6.096,4.937,7.797000000000001,2.185,4.683,6.265,3.515,0.44,2.524,3.5869999999999997,6.984,7.689,5.529
N181NE,3.563,1.339,4.33,4.788,7.579,3.033,7.939,3.7680000000000002,5.3660000000000005,9.189,2.204,5.7170000000000005,2.339,3.532,3.5389999999999997,3.57,3.759,2.784,2.195,2.404,2.986,2.925,5.237,4.888,3.1460000000000004,0.0,2.997,3.255,4.6339999999999995,2.472,4.574,4.633,3.2439999999999998,2.344,3.54,4.0489999999999995,3.014,4.088,6.181,8.172,8.142999999999999,7.184,2.403,6.917000000000001,2.888,3.96,3.738,4.173,4.191,6.881,4.79,1.2009999999999998,8.222000000000001,4.066,4.878,6.067,2.96,4.872,3.847,2.443,4.515,5.5089999999999995,8.441,5.011,5.9,2.371,5.608,5.033,4.9239999999999995,7.499,8.375,2.76,3.865,4.638999999999999,5.172999999999999,6.835,2.76,6.425,4.324,3.597,1.317,2.011,2.344,4.098,8.651,2.157,4.295,8.173,1.168,1.6569999999999998,6.803,3.5389999999999997,2.6510000000000002,5.511,1.7480000000000002,4.705,3.9789999999999996,2.9589999999999996,3.3939999999999997,4.17,3.031,4.698,5.403,3.2430000000000003
N213PD,5.8,2.313,6.568,5.296,7.063,5.271,10.176,4.305,5.615,8.672,2.2569999999999997,5.251,2.2640000000000002,2.2,5.776,5.807,3.293,5.022,4.433,4.6419999999999995,1.6580000000000001,5.162000000000001,4.093999999999999,7.126,1.689,3.076,0.0,2.7889999999999997,5.056,4.709,6.811,4.944,5.481,4.581,3.145,6.287000000000001,2.761,2.946,8.419,10.41,10.38,9.421,2.843,5.774,0.359,1.208,4.246,6.4110000000000005,3.048,9.119,7.027,2.572,10.459000000000001,6.303,7.115,4.9239999999999995,2.608,7.109,3.3810000000000002,4.68,6.752000000000001,7.746,10.677999999999999,2.456,8.137,1.781,7.845,7.271,7.1610000000000005,9.737,7.859,2.147,3.3989999999999996,6.876,2.6180000000000003,9.072000000000001,3.2969999999999997,8.663,6.561,4.105,2.487,2.504,1.6059999999999999,2.955,10.888,0.8390000000000001,4.803,10.41,2.117,2.15,9.04,4.011,4.888,7.747999999999999,1.5390000000000001,3.562,6.2170000000000005,2.6660000000000004,1.9380000000000002,1.615,2.347,5.206,7.64,5.48
N99PG,5.949,3.7260000000000004,6.7170000000000005,7.1739999999999995,9.965,2.435,10.325,6.154,7.752000000000001,11.575,4.59,2.515,4.725,2.548,5.925,5.956,1.037,5.171,4.582,2.419,3.998,5.311,6.434,7.275,2.161,2.503,2.762,0.0,7.021,2.4859999999999998,6.96,7.019,2.278,4.73,0.662,6.436,5.4,5.285,8.568,10.559000000000001,10.529000000000002,9.57,1.0659999999999998,8.701,3.283,2.975,6.124,6.56,5.388,9.267999999999999,4.852,3.5869999999999997,10.607999999999999,6.452000000000001,7.263999999999999,7.851,1.2670000000000001,2.497,1.413,4.829,4.662,7.657,10.827,4.734,8.286,4.757,7.756,5.096,7.31,9.886000000000001,10.761,5.147,1.1420000000000001,5.375,4.688,9.221,5.146,8.812000000000001,6.71,5.984,3.7030000000000003,4.397,4.73,5.295,11.037,3.247,6.681,10.559000000000001,3.555,4.043,9.19,5.925,2.665,7.659,3.158,5.902,6.3660000000000005,5.345,2.41,3.9530000000000003,5.417000000000001,7.084,7.551,5.63
N111PN,7.162000000000001,5.03,4.794,2.8289999999999997,3.56,6.957000000000001,10.629000000000001,2.3,0.983,5.169,4.051,9.988999999999999,3.84,6.922000000000001,7.1370000000000005,3.698,7.356,4.689,5.794,6.327999999999999,3.205,4.664,2.356,7.941,6.739,5.8660000000000005,5.018,6.945,0.0,6.395,6.478,3.085,7.167000000000001,5.943,7.23,4.788,2.8819999999999997,3.215,7.817,10.862,10.833,10.037,6.825,2.69,4.681,5.272,2.324,7.102,2.293,9.189,8.713,4.006,9.252,7.665,5.984,2.0,6.65,8.795,7.537999999999999,4.744,9.459,11.38,9.378,4.957,7.535,3.88,11.479000000000001,8.957,6.827999999999999,9.237,4.355,3.247,7.461,8.238,5.631,8.573,3.002,7.325,6.604,1.744,5.732,3.391,3.705,2.861,9.869,4.851,2.3369999999999997,9.11,5.3629999999999995,3.9,8.439,1.0959999999999999,6.574,11.382,5.107,3.4730000000000003,4.749,3.378,6.9879999999999995,4.628,3.113,2.739,11.274000000000001,6.8420000000000005
N182TW,2.555,3.042,4.825,6.484,9.275,1.6980000000000002,6.332999999999999,4.9430000000000005,7.061,10.884,3.907,3.491,4.042,5.235,1.548,4.015,2.013,3.279,2.727,0.685,4.689,3.4,7.52,3.7,4.848,2.964,4.7,2.502,6.33,0.0,3.62,4.962,1.766,1.621,2.8510000000000004,4.544,4.71,5.791,4.575,6.567,6.537000000000001,5.577999999999999,2.016,8.405,4.591,5.662000000000001,5.434,2.568,5.893,5.275,3.4539999999999997,2.903,6.58,2.153,4.676,7.715,4.662,3.536,3.1069999999999998,2.772,2.2840000000000003,4.899,6.7989999999999995,6.7139999999999995,4.294,4.073,4.998,2.6660000000000004,4.351,5.388,10.071,4.463,2.119,2.997,6.875,5.193,4.456,4.581,3.609,5.292999999999999,3.02,3.714,4.046,5.801,7.0089999999999995,3.86,5.9910000000000005,6.531000000000001,2.8710000000000004,3.36,5.197,5.235,0.287,4.901,3.451,6.407,4.474,4.607,5.0969999999999995,5.872000000000001,4.734,5.575,4.793,1.696
N176DX,1.6480000000000001,4.841,2.048,5.712000000000001,10.794,5.8389999999999995,4.986000000000001,4.872,7.85,12.402999999999999,5.706,8.588,5.841,7.034,2.201,3.237,5.399,2.417,2.162,4.045,6.4879999999999995,2.622,9.039,1.9880000000000002,6.648,5.678,6.499,6.757000000000001,7.015,3.4939999999999998,0.0,4.346,5.767,3.528,7.042000000000001,1.729,6.228,7.59,3.228,5.218999999999999,5.189,4.231,5.402,9.924,6.39,7.462000000000001,6.02,1.15,7.693,3.928,6.2379999999999995,4.703,4.828,2.659,1.604,9.234,6.462000000000001,7.394,7.349,3.091,2.853,2.609,5.047,8.513,2.946,5.872999999999999,2.708,5.433,1.278,4.105,11.589,6.263,7.711,2.395,8.675,3.4410000000000003,4.702,3.031,0.652,5.532,4.819,5.513,5.846,7.6,5.257000000000001,5.659,6.007999999999999,4.779,4.67,5.159,3.85,6.752999999999999,3.205,2.611,5.25,8.207,1.9769999999999999,6.126,6.896,7.672000000000001,6.5329999999999995,4.959,2.503,2.238
N227ST,3.861,4.966,2.577,1.3659999999999999,7.0329999999999995,6.78,7.58,0.883,3.915,8.102,4.098,9.812000000000001,3.78,7.046,3.8369999999999997,1.214,7.178999999999999,2.205,2.972,6.151,4.5760000000000005,2.181,4.97,5.457999999999999,6.659,6.284,6.077999999999999,6.768,3.0810000000000004,5.129,3.995,0.0,6.99,3.815,7.053999999999999,2.571,2.759,4.7780000000000005,5.441,7.814,7.784,6.989,6.649,5.622999999999999,5.676,6.479,2.086,4.619,3.8560000000000003,6.141,8.536,3.83,6.204,4.364,4.2989999999999995,4.933,6.473,8.618,7.361000000000001,2.41,4.813,6.077999999999999,6.33,6.858,5.159,3.385,6.1770000000000005,8.78,4.345,6.189,7.829,4.1419999999999995,7.285,4.937,7.194,5.524,1.871,4.948,4.121,1.597,4.18,3.215,3.3339999999999996,4.4239999999999995,6.82,4.942,1.642,6.062,4.795,3.7230000000000003,6.063,2.699,4.841,6.08,5.114,5.395,2.532,4.273,6.9079999999999995,6.191,4.0089999999999995,0.613,5.972,3.81
N182HA,4.763999999999999,3.918,6.909,7.36,10.151,0.71,8.357000000000001,6.34,7.937,11.76,4.782,3.197,4.917,4.186,3.2060000000000004,6.148,1.722,5.3629999999999995,4.774,1.699,5.564,5.502999999999999,8.396,4.439,3.8,3.685,4.4,2.171,7.206,1.766,5.419,6.979,0.0,3.3560000000000003,2.52,6.627999999999999,5.585,6.667000000000001,6.6,8.591000000000001,8.561,7.602,2.08,9.281,5.466,4.614,6.309,4.592,6.769,7.3,2.639,3.779,8.604,3.761,6.475,8.591000000000001,3.614,2.004,2.8160000000000003,5.021,3.023,4.944,8.823,6.372999999999999,6.318,4.949,5.043,2.883,5.559,7.412000000000001,10.946,5.3389999999999995,2.0269999999999997,3.736,6.3260000000000005,7.2170000000000005,5.331,6.605,5.285,6.169,3.895,4.59,4.922,6.6770000000000005,9.033999999999999,4.736000000000001,6.867000000000001,8.555,3.747,4.236000000000001,7.222,6.11,1.945,4.946000000000001,4.327,7.2829999999999995,6.558,5.483,4.048,6.747999999999999,5.61,7.269,4.837,3.3539999999999996
N178JG,2.7539999999999996,2.883,3.522,5.434,9.087,3.234,7.13,3.805,6.874,10.697000000000001,3.748,5.14,4.439,5.0760000000000005,2.73,2.761,3.662,1.975,1.386,2.158,4.529,2.116,7.332000000000001,4.079,4.689,4.023,4.541,3.617,6.142,1.6059999999999999,3.765,3.824,3.3739999999999997,0.0,3.966,3.241,4.522,5.632000000000001,5.372000000000001,7.364,7.334,6.375,3.1310000000000002,8.217,4.4319999999999995,5.502999999999999,5.246,3.365,5.997000000000001,6.072,4.9910000000000005,2.7439999999999998,7.412999999999999,3.2569999999999997,4.069,7.527,4.503,5.073,4.58,1.6340000000000001,3.7060000000000004,4.7,7.632000000000001,6.555,5.091,4.644,4.7989999999999995,3.702,4.115,6.691,9.883,4.63,3.7680000000000002,3.83,6.716,6.026,3.293,5.6160000000000005,3.515,4.4639999999999995,2.861,3.555,4.593,5.642,7.8420000000000005,3.701,4.941,7.364,2.7119999999999997,3.201,5.994,5.047,1.318,4.702,3.292,6.247999999999999,3.17,4.419,4.938,5.712999999999999,5.086,4.437,4.593999999999999,2.434
N99EP,5.775,3.552,6.542999999999999,7.0,9.792,5.246,10.151,5.981,7.577999999999999,11.401,4.416,2.713,4.551,2.374,5.751,5.782,1.318,4.997,4.408,2.7689999999999997,3.824,5.1370000000000005,7.449,7.101,1.9869999999999999,2.329,2.588,0.662,6.847,2.8360000000000003,6.787000000000001,6.845,2.628,4.5569999999999995,0.0,6.2620000000000005,5.226,6.301,8.394,10.385,10.355,9.396,1.416,9.129,3.11,2.802,5.95,6.386,6.403,9.094,7.002000000000001,3.4130000000000003,10.434000000000001,6.279,7.09,8.279,0.6970000000000001,3.176,0.843,4.655,6.727,7.721,10.652999999999999,4.56,8.112,4.583,7.82,7.246,7.136,9.712,10.587,4.973,1.493,6.852,4.513999999999999,9.047,4.9719999999999995,8.638,6.5360000000000005,5.81,3.529,4.224,4.556,6.31,10.864,3.073,6.507999999999999,10.385,3.3810000000000002,3.87,9.016,5.751,3.016,7.723,2.984,6.917000000000001,6.192,5.172000000000001,2.2359999999999998,3.779,5.244,6.91,7.615,5.456
N153PU,2.6630000000000003,4.575,0.319,4.006,9.889,6.537999999999999,5.21,3.967,6.944,11.498,5.439,8.952,5.24,6.768,3.216,2.332,6.995,1.5119999999999998,2.559,4.966,6.221,1.716,8.133,2.827,6.381,5.4110000000000005,6.232,6.49,6.11,4.414,1.365,2.639,6.606,3.262,6.775,0.0,5.3229999999999995,7.324,3.236,5.443,5.414,4.618,6.544,9.019,6.122999999999999,7.195,5.115,1.9880000000000002,6.797999999999999,3.9360000000000004,7.077000000000001,4.436,4.541,3.498,1.196,8.329,6.195,8.232999999999999,7.082999999999999,2.186,3.6910000000000003,3.448,4.76,8.247,2.955,5.445,3.5469999999999997,6.272,1.304,3.818,10.684000000000001,5.432,7.1,3.234,8.408,3.154,3.7969999999999997,2.7439999999999998,1.4909999999999999,4.626,4.552,5.426,5.395,7.3660000000000005,4.97,5.392,4.281000000000001,4.492,4.404,4.8919999999999995,3.858,5.848,4.126,3.45,4.9830000000000005,7.94,0.504,5.221,6.629,7.405,5.8870000000000005,3.252,3.341,3.253
N134HD,5.521,3.028,6.287999999999999,2.528,5.702000000000001,4.955,9.897,1.974,3.386,7.311,1.318,7.987,1.0,5.221,5.497000000000001,3.135,5.355,4.742,4.1530000000000005,4.3260000000000005,2.448,4.883,2.846,6.846,4.835,3.865,2.765,4.944,2.827,4.394,6.532,2.759,5.166,4.302,5.229,6.007000000000001,0.0,2.65,8.139,10.13,10.101,9.142000000000001,4.824,4.413,2.557,4.351,1.4780000000000002,6.131,1.7280000000000002,8.839,6.711,1.931,8.926,6.024,6.836,3.563,4.649,6.792999999999999,5.5360000000000005,3.4189999999999996,7.457999999999999,9.379,10.399000000000001,4.73,7.858,1.205,9.478,6.955,6.882000000000001,9.457,6.497000000000001,1.192,5.46,8.171,5.066,8.793,1.619,8.383,6.282,1.338,2.282,1.3159999999999998,1.155,2.296,10.609000000000002,2.162,2.035,10.131,2.497,1.825,8.761000000000001,1.157,4.573,9.381,2.6210000000000004,3.267,5.937,0.981,5.083,4.063,1.881,2.438,9.273,5.2010000000000005
N145PA,6.946000000000001,4.218999999999999,7.7139999999999995,4.61,4.156000000000001,6.417000000000001,11.322000000000001,4.056,3.87,5.765,2.7430000000000003,7.584,2.8939999999999997,3.946,6.922000000000001,5.385,6.872999999999999,6.167000000000001,5.577999999999999,5.787999999999999,1.1059999999999999,6.308,1.187,8.271,3.763,5.29,2.8569999999999998,6.369,3.3110000000000004,5.855,7.957000000000001,4.841,6.627000000000001,5.727,5.218999999999999,7.433,2.698,0.0,9.564,11.556,11.526,10.567,6.422999999999999,2.867,2.5810000000000004,2.8160000000000003,3.56,7.557,1.3030000000000002,10.264000000000001,8.173,3.718,11.605,7.449,8.261000000000001,2.0180000000000002,4.6819999999999995,8.255,5.7139999999999995,5.8260000000000005,7.898,8.892000000000001,11.824000000000002,2.319,9.283,2.411,11.552,8.417,8.307,10.883,4.952,2.208,6.979,8.022,2.655,10.218,3.8689999999999998,9.808,7.707000000000001,3.4189999999999996,3.633,3.0,2.2359999999999998,0.41200000000000003,12.034,2.752,4.117,11.556,3.263,3.2960000000000003,10.186,2.562,6.034,11.455,3.0069999999999997,0.856,7.362,2.665,4.012,1.652,1.86,4.52,11.347000000000001,6.626
N165RE,2.855,6.7410000000000005,3.362,6.841,12.03,6.699,1.989,6.358,9.39,13.639000000000001,7.606,9.449,7.7410000000000005,8.934,3.8939999999999997,5.202000000000001,8.198,4.383,4.062,6.571000000000001,8.388,4.587,10.638,2.8489999999999998,8.548,7.577999999999999,8.399,8.647,8.556000000000001,4.5760000000000005,2.8369999999999997,5.475,6.627000000000001,5.428,8.996,3.0439999999999996,8.193999999999999,9.49,0.0,2.2230000000000003,2.193,1.234,8.556000000000001,10.458,8.29,9.362,7.561,2.01,9.593,0.932,7.099,6.603,2.1,3.52,2.2230000000000003,9.767999999999999,8.362,8.255,9.249,5.056,3.713,3.469,2.061,10.413,0.764,7.773,3.568,6.294,1.94,1.044,12.825999999999999,8.162,8.571,3.2560000000000002,10.574000000000002,0.657,5.915,0.91,2.7030000000000003,7.072,6.718999999999999,7.412999999999999,7.745,9.5,2.313,7.559,7.117000000000001,1.7930000000000001,6.57,7.059,1.5130000000000001,8.719,4.288,3.471,7.15,10.107000000000001,3.3739999999999997,8.092,8.796,9.572000000000001,8.433,6.087999999999999,3.363,4.043
N167NR,4.355,8.241,4.862,8.376,13.565,8.199,0.995,7.893,10.925,15.174000000000001,9.106,10.949000000000002,9.241,10.434000000000001,5.395,6.702000000000001,9.699,5.882999999999999,5.562,8.072000000000001,9.888,6.087000000000001,12.139000000000001,4.349,10.048,9.078,9.899,10.147,10.09,6.0760000000000005,4.337,7.01,8.127,6.928,10.495999999999999,4.544,9.693999999999999,10.99,1.732,0.0,0.153,1.0490000000000002,10.056000000000001,11.958,9.79,10.862,9.095,3.51,11.093,1.369,8.599,8.103,1.271,5.02,3.7230000000000003,11.267999999999999,9.862,9.755,10.749,6.556,5.212999999999999,4.968999999999999,0.738,11.913,2.2640000000000002,9.273,5.0680000000000005,7.794,3.44,1.1340000000000001,14.36,9.662,10.071,4.756,12.075,1.798,7.415,2.484,4.203,8.607000000000001,8.219,8.913,9.246,11.0,0.978,9.059,8.651,0.789,8.07,8.559,2.213,10.219,5.787999999999999,4.971,8.65,11.607000000000001,4.874,9.592,10.296,11.072000000000001,9.933,7.622000000000001,4.863,5.542999999999999
N167NL,4.377,8.263,4.8839999999999995,8.397,13.585999999999999,8.221,0.843,7.914,10.946,15.195,9.127,10.97,9.262,10.456,5.416,6.724,9.72,5.904,5.582999999999999,8.093,9.908999999999999,6.108,12.16,4.37,10.068999999999999,9.099,9.92,10.169,10.112,6.098,4.359,7.031000000000001,8.149,6.95,10.517999999999999,4.565,9.715,11.012,1.7530000000000001,0.177,0.0,1.071,10.077,11.98,9.811,10.883,9.117,3.532,11.114,1.391,8.62,8.124,1.2919999999999998,5.041,3.7439999999999998,11.29,9.883,9.776,10.770999999999999,6.577999999999999,5.234,4.9910000000000005,0.759,11.935,2.286,9.294,5.09,7.815,3.4619999999999997,1.155,14.382,9.684,10.093,4.777,12.095999999999998,1.82,7.436,2.505,4.224,8.628,8.24,8.934,9.267000000000001,11.020999999999999,1.069,9.08,8.673,0.81,8.092,8.58,2.234,10.24,5.809,4.993,8.671,11.628,4.896,9.613,10.317,11.093,9.954,7.644,4.8839999999999995,5.564
N167AA,3.86,7.746,4.367,7.846,13.035,7.704,0.978,7.87,10.902000000000001,14.644,8.611,10.454,8.746,9.939,4.899,6.207000000000001,9.203,5.3870000000000005,5.067,7.5760000000000005,9.392999999999999,5.5920000000000005,11.642999999999999,3.8539999999999996,9.552,8.583,9.404,9.652000000000001,10.068,5.581,3.842,6.987,7.632000000000001,6.433,10.001,4.0489999999999995,9.199,10.495,1.237,1.2109999999999999,1.182,0.0,9.561,11.463,9.295,10.367,9.072000000000001,3.015,10.597000000000001,0.8740000000000001,8.103,7.608,1.6059999999999999,4.525,3.228,10.773,9.366,9.26,10.254000000000001,6.061,4.718,4.474,1.073,11.418,1.7690000000000001,8.777000000000001,4.573,7.2989999999999995,2.945,0.8290000000000001,13.83,9.167,9.576,4.261,11.579,1.494,6.92,1.989,3.708,8.584,7.724,8.418,8.75,10.505,2.103,8.564,8.629,1.124,7.575,8.064,1.328,9.724,5.292999999999999,4.476,8.155,11.112,4.379,9.096,9.801,10.577,9.437999999999999,7.093,4.368,5.047
N99LS,5.233,3.009,6.001,6.457999999999999,9.811,2.22,9.609,5.438,7.0360000000000005,11.42,3.8739999999999997,2.589,4.0089999999999995,2.602,5.209,5.24,1.111,4.454,3.865,1.933,4.656000000000001,4.595,6.907,6.558,2.215,1.787,2.8160000000000003,1.0659999999999998,6.303999999999999,2.0,6.244,6.303,2.064,4.013999999999999,1.415,5.718999999999999,4.684,5.757999999999999,7.851,9.842,9.812999999999999,8.854,0.0,8.587,3.338,3.029,5.4079999999999995,5.843,5.861000000000001,8.551,4.3660000000000005,2.8710000000000004,9.892000000000001,5.736000000000001,6.547999999999999,7.737,2.029,2.571,2.028,4.113,4.176,6.856,10.111,4.788,7.57,4.041,6.955,4.61,6.593999999999999,9.169,10.606,4.431,1.216,4.888999999999999,4.742,8.505,4.43,8.095,5.994,5.267,2.987,3.681,4.013999999999999,5.768,10.321,3.301,5.965,9.843,2.838,3.327,8.472999999999999,5.209,2.18,6.858,3.418,6.375,5.649,4.629,2.464,4.007,4.7010000000000005,6.367999999999999,6.75,4.913
N200TH,9.577,7.4239999999999995,7.417000000000001,5.165,1.3359999999999999,9.012,13.252,4.923,2.2569999999999997,2.945,5.606,12.044,5.395,6.95,9.552999999999999,6.321000000000001,9.411,9.137,8.548,8.383,4.761,7.287999999999999,1.986,10.902999999999999,6.768,8.26,5.686,9.339,2.7710000000000004,8.45,9.102,5.707999999999999,9.222000000000001,8.359,8.224,7.4110000000000005,4.438,2.867,12.196,13.485,13.456,12.661,9.219,0.0,6.236000000000001,5.82,5.281000000000001,10.187999999999999,3.8480000000000003,12.895999999999999,10.767999999999999,6.3260000000000005,11.875,10.081,8.607999999999999,1.136,7.686,10.85,9.593,7.367000000000001,11.515,13.435,12.001,3.964,11.914000000000001,5.435,13.534,11.012,9.451,11.86,2.131,4.802,9.855,12.227,4.995,11.196,5.625,9.948,9.228,4.368,6.6770000000000005,5.711,5.26,3.069,12.492,6.406000000000001,4.96,11.732999999999999,6.917999999999999,6.22,12.818,3.1510000000000002,8.629,13.437000000000001,6.662000000000001,2.9410000000000003,7.372999999999999,4.933,7.016,4.868,4.668,5.3629999999999995,13.329,9.258
N213AG,5.742000000000001,2.106,6.51,5.446000000000001,6.795,5.212999999999999,10.118,3.985,5.347,8.405,1.5390000000000001,5.773,1.944,2.8930000000000002,5.718,5.749,3.815,4.9639999999999995,4.375,4.584,1.305,5.104,3.826,7.068,2.211,3.597,0.359,3.31,4.788,4.651,6.752999999999999,4.624,5.4239999999999995,4.523,3.667,6.229,2.441,2.678,8.361,10.352,10.322000000000001,9.363,3.364,5.506,0.0,1.433,4.396,6.353,2.78,9.061,6.968999999999999,2.5140000000000002,10.401,6.246,7.057,4.657,3.1289999999999996,7.051,3.903,4.622,6.694,7.688,10.62,2.376,8.079,1.4609999999999999,7.787000000000001,7.212999999999999,7.103,9.679,7.591,1.5330000000000001,3.92,6.819,2.537,9.014,2.977,8.605,6.502999999999999,4.256,2.4290000000000003,2.4459999999999997,1.286,2.688,10.83,0.631,4.953,10.352,2.059,2.092,8.982999999999999,3.398,4.83,7.69,1.331,3.2939999999999996,6.159,2.052,2.46,1.534,1.63,5.356,7.582000000000001,5.422999999999999
N212NN,6.702000000000001,2.799,7.468999999999999,7.103,7.087999999999999,6.172000000000001,11.078,6.5489999999999995,6.362,8.697000000000001,2.717,5.098,3.793,1.46,6.6770000000000005,6.707999999999999,3.7039999999999997,5.922999999999999,5.334,5.542999999999999,1.889,6.063,4.043,8.027000000000001,1.2770000000000001,3.2560000000000002,1.208,2.969,5.803,5.611000000000001,7.712999999999999,7.332999999999999,6.382999999999999,5.483,2.733,7.188,3.5860000000000003,2.8939999999999997,9.32,11.311,11.282,10.323,3.023,5.7989999999999995,1.43,0.0,6.0520000000000005,7.312,3.795,10.02,7.928999999999999,3.532,11.360999999999999,7.205,8.016,4.95,2.1959999999999997,5.561,3.228,5.582000000000001,7.654,8.648,11.58,1.8330000000000002,9.039,2.6060000000000003,8.747,8.172,8.062999999999999,10.638,7.8839999999999995,2.6069999999999998,3.5789999999999997,7.778,1.787,9.974,4.122,9.564,7.462999999999999,5.912000000000001,3.3680000000000003,3.465,2.431,2.904,11.79,1.6640000000000001,6.61,11.312000000000001,2.6889999999999996,3.111,9.942,5.053999999999999,5.5,8.65,2.451,3.641,7.117999999999999,3.1260000000000003,1.526,1.4809999999999999,2.7460000000000004,7.0120000000000005,8.542,6.382000000000001
N112DN,5.455,4.169,3.0869999999999997,1.288,5.905,6.096,8.922,0.593,2.636,7.515,3.01,9.127,2.501,6.362,5.43,1.99,6.495,2.9810000000000003,4.087,5.466,3.2969999999999997,2.957,3.6910000000000003,6.234,5.975,5.005,4.266,6.084,1.8019999999999998,5.534,4.771,1.3769999999999998,6.306,4.236000000000001,6.369,3.0810000000000004,1.479,3.4989999999999997,6.782,9.155,9.125,8.33,5.9639999999999995,4.343,4.396,5.2,0.0,5.395,2.577,7.482,7.852,3.145,7.545,5.957999999999999,4.277,3.654,5.789,7.934,6.6770000000000005,3.037,6.407,6.854,7.671,5.579,6.5,2.7060000000000004,6.952999999999999,8.095,5.121,7.53,8.38,2.863,6.6,6.531000000000001,5.915,6.865,1.295,6.29,4.897,0.318,3.4960000000000004,2.53,2.656,3.145,8.161,3.6630000000000003,0.795,7.403,3.998,3.0389999999999997,7.404,1.419,5.1,6.856,3.835,4.1160000000000005,3.042,2.9939999999999998,6.223,4.912,2.73,1.197,6.747999999999999,5.135
N154BN,0.845,4.731,2.327,5.816,10.897,4.689,3.766,5.152,8.129,12.507,5.596,7.439,5.731,6.9239999999999995,1.8840000000000001,3.516,6.188,2.697,2.052,4.561,6.377999999999999,2.9010000000000002,8.628,0.8390000000000001,6.537000000000001,5.568,6.388999999999999,6.6370000000000005,7.295,2.5660000000000003,0.8270000000000001,4.449,4.617,3.418,6.986000000000001,2.008,6.332000000000001,7.48,2.008,3.9989999999999997,3.969,3.011,6.546,10.309000000000001,6.28,7.352,6.2989999999999995,0.0,7.582000000000001,2.708,5.088,4.593,4.013,1.51,1.883,9.459,6.351,6.245,7.239,3.37,1.703,1.459,4.232,8.402999999999999,1.726,5.7620000000000005,1.558,4.284,0.968,2.82,11.693,6.152,6.561,1.246,8.564,2.6260000000000003,4.982,2.013,0.693,5.811,4.709,5.403,5.735,7.49,4.442,5.5489999999999995,6.287999999999999,3.964,4.56,5.0489999999999995,2.63,6.857,2.278,1.4609999999999999,5.14,8.097000000000001,2.256,6.692,6.7860000000000005,7.562,6.422999999999999,5.062,1.3530000000000002,2.032
N147AA,6.858,4.131,7.626,3.6239999999999997,5.2,6.22,11.234000000000002,3.071,2.884,6.809,2.0269999999999997,9.252,2.01,4.734,6.834,4.399,6.7860000000000005,6.08,5.4910000000000005,5.591,1.018,6.22,2.343,8.184,4.552,5.202000000000001,2.83,6.281000000000001,2.325,5.6579999999999995,7.869,3.855,6.43,5.638999999999999,6.566,7.345,1.712,1.028,9.477,11.468,11.437999999999999,10.479000000000001,6.087999999999999,3.911,2.494,3.0839999999999996,2.574,7.468999999999999,0.0,10.177,7.976,3.63,10.023,7.361000000000001,8.173,3.0610000000000004,5.47,8.058,6.874,4.683,7.81,10.642999999999999,11.735999999999999,3.108,9.195,1.8559999999999999,10.742,8.22,8.219,10.795,5.995,1.548,6.891,7.935,3.444,10.13,2.883,9.721,7.619,2.434,3.545,2.445,1.681,0.674,11.946,2.6639999999999997,3.1319999999999997,11.468,3.175,3.208,10.099,1.5759999999999998,5.837000000000001,10.645,2.9189999999999996,1.6440000000000001,7.275,1.679,4.8,2.441,1.4140000000000001,3.534,10.537,6.537999999999999
N165GY,3.5410000000000004,7.4270000000000005,4.048,7.527,12.716,7.385,1.6119999999999999,7.044,10.076,14.325,8.291,10.134,8.426,9.62,4.58,5.888,8.884,5.0680000000000005,4.747,7.257000000000001,9.073,5.272,11.324000000000002,3.534,9.232999999999999,8.263,9.084,9.333,9.241,5.2620000000000005,3.523,6.16,7.313,6.114,9.682,3.7289999999999996,8.879,10.176,0.917,1.8459999999999999,1.8159999999999998,1.021,9.241,11.144,8.975,10.047,8.246,2.696,10.277999999999999,0.0,7.784,7.287999999999999,2.016,4.205,2.908,10.454,9.047,8.94,9.935,5.742000000000001,4.399,4.155,1.7080000000000002,11.099,1.45,8.458,4.254,6.979,2.6260000000000003,0.667,13.511,8.847999999999999,9.257,3.9410000000000003,11.26,1.3319999999999999,6.601,1.67,3.388,7.757999999999999,7.404,8.097999999999999,8.431000000000001,10.185,2.229,8.244,7.8020000000000005,1.709,7.256,7.745,1.395,9.404,4.973,4.157,7.835,10.792,4.06,8.777000000000001,9.482000000000001,10.257,9.119,6.773,4.048,4.728
N183AT,5.251,5.569,8.561,9.011000000000001,11.802,2.6069999999999998,8.844,7.9910000000000005,9.589,13.412,6.434,4.926,6.569,7.7620000000000005,4.998,7.8,4.539,7.013999999999999,6.425,3.49,7.216,7.155,10.047,4.925,7.376,6.406000000000001,7.227,5.083,8.857000000000001,3.5580000000000003,5.905,8.63,2.8169999999999997,5.007,5.433,8.279,7.237,8.318,7.086,9.077,9.048,8.089,4.598,10.932,7.117999999999999,8.19,7.961,5.078,8.421,7.7860000000000005,0.0,5.431,9.091000000000001,4.248,6.961,10.243,7.19,4.445,5.632999999999999,6.672999999999999,3.509,5.43,8.939,9.241,6.805,6.601,5.529,2.069,6.046,7.899,12.597999999999999,6.9910000000000005,4.644,4.2219999999999995,9.402999999999999,7.704,6.983,7.0920000000000005,5.771,7.821000000000001,5.547000000000001,6.2410000000000005,6.574,8.328,9.52,6.3870000000000005,8.517999999999999,9.042,5.398,5.8870000000000005,7.707999999999999,7.7620000000000005,3.737,5.432,5.978,8.935,8.209,7.135,7.624,8.4,7.261,8.921,5.324,5.146
N135EL,4.053999999999999,2.205,4.821000000000001,4.402,7.534,4.645,8.43,3.342,5.218,9.142999999999999,0.865,5.939,0.943,3.702,4.03,4.061,3.9810000000000003,3.275,2.6860000000000004,4.016,2.61,3.4160000000000004,4.678,5.379,3.315,2.398,2.6210000000000004,3.477,4.659,4.083,5.065,3.9810000000000003,4.856,2.835,3.762,4.54,1.867,3.713,6.672000000000001,8.663,8.634,7.675,3.531,6.245,2.4130000000000003,3.53,3.352,4.664,2.832,7.372000000000001,6.401,0.0,8.713,4.5569999999999995,5.369,5.395,3.182,6.483,4.069,2.9339999999999997,5.006,9.068999999999999,8.932,4.636,6.391,0.975,9.168,6.645,5.415,7.99,8.329,1.5659999999999998,4.087,5.13,4.797,7.3260000000000005,2.334,6.916,4.815,3.2119999999999997,0.35100000000000003,0.615,1.146,3.7230000000000003,9.142000000000001,1.7819999999999998,3.909,8.664,1.249,0.532,7.294,2.989,4.263,9.071,1.3730000000000002,4.329,4.47,1.6369999999999998,3.5639999999999996,3.7939999999999996,1.837,4.312,8.963,3.734
N169ES,4.5760000000000005,8.798,4.62,7.569,12.757,8.42,1.8619999999999999,7.086,10.118,14.367,9.662,11.17,9.797,10.991,5.6160000000000005,6.555,9.92,5.735,5.7829999999999995,8.293,10.444,5.939,11.172,4.57,10.604000000000001,9.634,10.455,10.368,9.283,6.297999999999999,4.428999999999999,6.202000000000001,8.349,7.485,10.998,4.396,8.961,11.547,1.953,1.531,2.066,1.271,10.277000000000001,11.825,10.345999999999998,11.418,8.288,3.7310000000000003,10.058,1.591,8.82,8.658999999999999,0.0,5.2410000000000005,3.575,11.135,10.418,9.976,11.306,6.409,5.434,5.19,0.7490000000000001,12.47,2.4859999999999998,9.829,5.289,8.015,3.9730000000000003,1.348,13.552999999999999,10.219,10.292,4.977,12.630999999999998,1.594,7.374,2.356,4.555,7.8,8.775,9.469,9.802,11.556,0.9179999999999999,9.615,7.843999999999999,0.48100000000000004,8.627,9.116,2.434,8.901,6.0089999999999995,5.192,9.206,12.163,4.727,9.443999999999999,10.853,11.628,10.49,6.815,5.084,5.763999999999999
N179RE,1.21,4.91,4.329,5.995,11.132,3.864,4.907,5.155,8.132,12.742,5.775,6.614,5.91,7.103,1.4609999999999999,3.5189999999999997,4.855,2.783,2.231,3.0260000000000002,6.557,2.904,8.807,1.2229999999999999,6.716,5.806,6.568,4.753,7.297999999999999,2.359,1.81,4.628,3.793,2.6839999999999997,5.102,4.048,6.973,7.659,3.1489999999999996,5.14,5.11,4.152,4.914,10.488,6.459,7.531000000000001,6.3020000000000005,1.141,7.761,3.8489999999999998,4.263999999999999,4.771,5.154,0.0,2.866,9.638,6.53,5.42,5.949,3.111,0.7390000000000001,1.9569999999999999,5.372999999999999,8.582,2.867,5.941,2.056,3.4589999999999996,2.109,3.9610000000000003,11.927999999999999,6.331,5.736000000000001,0.519,8.743,3.767,4.985,3.155,1.676,5.814,4.888,5.582000000000001,5.914,7.669,5.582999999999999,5.728,6.291,5.105,4.739,5.228,3.7710000000000004,7.497999999999999,2.0709999999999997,1.959,5.319,8.275,3.978,6.409,6.965,7.7410000000000005,6.602,5.2410000000000005,1.85,1.609
N155JA,2.904,5.801,1.751,5.476,11.115,6.747999999999999,4.4110000000000005,5.194,8.171,12.725,6.666,9.497,6.4670000000000005,7.994,3.415,3.5580000000000003,8.247,2.738,3.3760000000000003,6.62,7.4479999999999995,2.943,9.36,2.897,7.607,6.638,7.459,7.7170000000000005,7.336,4.708,1.435,4.109,6.676,4.488,8.002,1.432,6.55,8.55,2.437,4.644,4.615,3.819,7.771,10.245,7.35,8.422,6.341,2.059,8.025,3.137,7.147,5.662999999999999,3.742,3.568,0.0,9.555,7.421,8.302999999999999,8.309,3.412,3.762,3.5180000000000002,3.9610000000000003,9.472999999999999,2.156,6.672000000000001,3.617,6.3420000000000005,0.9790000000000001,3.0189999999999997,11.911,6.6579999999999995,8.62,3.304,9.634,2.355,5.024,1.945,1.561,5.853,5.779,6.653,6.621,8.593,4.171,6.619,5.751,3.693,5.63,6.119,3.0589999999999997,7.075,4.419,3.52,6.21,9.167,1.567,6.447,7.856,8.632,7.114,4.7219999999999995,3.412,3.452
N111EY,8.866,6.582999999999999,6.705,4.7410000000000005,2.406,8.3,12.54,4.212,2.0909999999999997,4.015,4.766,11.332,4.555,6.11,8.841000000000001,5.609,8.699,8.297,7.707999999999999,7.671,3.92,6.5760000000000005,1.146,10.191,5.9270000000000005,7.419,5.732,8.289,2.06,7.7379999999999995,9.877,4.996,8.511000000000001,7.647,7.382999999999999,6.699,3.597,2.026,11.484000000000002,12.774000000000001,12.744000000000002,11.949000000000002,8.169,1.117,5.396,4.98,4.441,9.476,3.008,12.184000000000001,10.056000000000001,5.486000000000001,11.164000000000001,9.369,7.896,0.0,6.845,10.138,8.881,6.656000000000001,10.802999999999999,12.724,11.29,3.123,11.203,4.593999999999999,12.823,10.3,8.74,11.149000000000001,3.202,3.9619999999999997,8.805,11.515999999999998,4.155,10.484000000000002,4.914,9.236,9.627,3.656,6.447,4.871,4.419,2.228,11.78,5.566,4.248,11.022,6.077000000000001,5.38,12.106,2.439,7.917999999999999,12.725999999999999,5.821000000000001,2.101,6.6610000000000005,4.093,6.176,4.027,3.8280000000000003,4.651,12.618,8.546
N99JJ,5.705,3.4810000000000003,6.472,6.93,8.972999999999999,5.175,10.081,5.91,7.507000000000001,10.583,4.346,2.9019999999999997,4.481,1.4240000000000002,5.68,5.711,1.508,4.926,4.337,3.25,3.687,5.066,5.928,7.03,1.037,2.259,2.45,1.097,6.776,3.318,6.716,6.774,5.386,4.486000000000001,0.5379999999999999,6.191,5.155,4.779,8.323,10.314,10.285,9.326,2.026,7.684,2.972,2.186,5.88,6.315,5.681,9.023,6.932,3.343,10.364,6.207999999999999,7.019,6.835,0.0,3.365,1.033,4.585,6.657,7.651,10.583,3.718,8.042,4.512,7.75,7.175,7.066,9.641,9.769,3.9989999999999997,1.974,6.781000000000001,3.6719999999999997,8.977,4.901,8.567,6.466,5.739,3.4589999999999996,4.1530000000000005,3.583,4.789,10.793,2.9360000000000004,6.437,10.315,3.085,3.799,8.945,5.681,3.497,7.653,2.846,5.526,6.121,4.198,1.286,3.367,4.27,6.84,7.545,5.385
N98NP,6.388,5.542000000000001,8.533,8.984,11.775,2.427,9.981,7.9639999999999995,9.561,13.384,6.407,1.31,6.542000000000001,4.569,5.791,7.772,2.105,6.987,6.398,3.4760000000000004,7.188,7.127000000000001,10.02,6.063,4.1819999999999995,4.524,4.783,2.5540000000000003,8.83,3.543,7.042999999999999,8.603,2.0,4.98,3.1689999999999996,8.224,7.209,8.291,8.224,10.215,10.185,9.226,2.627,10.905,5.305,4.996,7.934,6.216,8.392999999999999,8.924,4.263,5.403,10.228,5.385,8.099,10.215,3.3760000000000003,0.0,2.5860000000000003,6.645,4.647,6.568,10.447000000000001,6.755,7.942,6.5729999999999995,6.667000000000001,4.507,7.183,9.036,12.571,6.962999999999999,1.724,5.36,6.709,8.842,6.955,8.229,6.909,7.792999999999999,5.52,6.2139999999999995,6.546,8.301,10.658,5.268,8.491,10.179,5.371,5.86,8.846,7.735,3.722,6.57,5.9510000000000005,8.907,8.472000000000001,7.107,4.431,5.974,7.234,8.894,6.462000000000001,5.939
N97PY,6.455,4.232,7.223,7.68,10.472000000000001,3.366,10.831,6.6610000000000005,8.258,12.081,5.096,2.112,5.231,3.054,6.431,6.462000000000001,1.224,5.6770000000000005,5.088,3.35,4.504,5.817,8.129,7.781000000000001,2.667,3.009,3.2680000000000002,1.31,7.527,3.417,7.466,7.525,3.2089999999999996,5.236000000000001,0.825,6.942,5.906000000000001,6.981,9.074,11.065,11.035,10.076,1.9969999999999999,9.809,3.79,3.4810000000000003,6.63,7.066,7.082999999999999,9.774,7.682,4.093,11.114,6.959,7.77,8.959,1.033,2.575,0.0,5.335,7.407,9.027000000000001,11.333,5.24,8.792,5.263,9.126,7.926,7.816,10.392000000000001,11.267000000000001,5.653,2.074,7.532,5.194,9.727,5.652,9.318,7.216,6.49,4.209,4.9030000000000005,5.236000000000001,6.99,11.543,3.753,7.188,11.065,4.061,4.55,9.696,6.431,3.597,9.029,3.6639999999999997,7.597,6.872000000000001,5.852,2.9160000000000004,4.459,5.9239999999999995,7.59,8.921,6.136
N177HX,2.6519999999999997,2.7460000000000004,2.76,4.227,8.305,4.709,7.321000000000001,2.5980000000000003,5.575,9.914,4.033,7.124,3.656,4.939,2.628,1.554,5.166,1.214,1.285,3.137,4.393,1.19,6.5489999999999995,3.978,4.553,3.583,4.404,4.662,4.7410000000000005,2.5860000000000003,3.0039999999999996,2.617,4.92,1.433,4.947,2.479,3.739,6.1370000000000005,5.347,7.553999999999999,7.524,6.729,4.716,7.435,4.295,5.367000000000001,3.7460000000000004,3.628,5.2139999999999995,6.047000000000001,6.466,2.608,6.651,3.155,3.307,6.745,4.367,6.547999999999999,5.254,0.0,3.6039999999999996,4.598,6.87,6.417999999999999,5.066,3.861,4.697,6.709,3.3539999999999996,5.928999999999999,9.1,3.8480000000000003,5.272,3.7289999999999996,6.58,5.263999999999999,2.086,4.855,3.13,3.2569999999999997,2.7239999999999998,3.842,3.8110000000000004,5.782,7.081,3.5639999999999996,3.734,6.602,2.575,3.0639999999999996,5.968999999999999,4.263999999999999,2.2969999999999997,4.6,3.155,6.752999999999999,2.4090000000000003,3.637,4.801,5.577000000000001,4.303,3.23,4.492,2.333
N179YD,2.193,5.045,4.4639999999999995,6.129,12.474,3.1260000000000003,5.577999999999999,5.289,8.267000000000001,14.084000000000001,5.909,5.875,6.145,7.3389999999999995,1.5959999999999999,3.654,4.117,2.918,2.365,2.287,6.792000000000001,3.0389999999999997,8.942,1.416,6.29,5.067,6.702000000000001,4.6610000000000005,7.432,2.296,3.259,4.763,3.054,2.818,5.011,4.183,6.813,7.794,3.82,5.812,5.782,4.823,4.176,10.622,6.694,7.104,7.537000000000001,1.841,7.896,4.52,3.525,4.906000000000001,5.825,0.7390000000000001,4.315,10.914000000000001,6.665,4.681,5.211,3.245,0.0,2.15,6.044,8.717,3.5389999999999997,6.1770000000000005,2.249,2.72,2.78,4.633,13.27,6.466,4.998,0.713,8.979,4.438,5.119,3.826,2.5340000000000003,5.949,5.022,5.817,6.15,7.803,6.254,5.862,6.425,5.776,4.874,5.3629999999999995,4.442,7.337999999999999,2.2,2.1519999999999997,5.452999999999999,8.511000000000001,4.112,6.711,6.539,7.976,6.837999999999999,5.376,2.044,1.744
N179FS,2.031,5.917000000000001,3.609,7.002000000000001,14.245999999999999,4.898,4.808,6.433,9.139,15.855,6.781000000000001,7.647,6.916,8.11,3.07,4.798,6.397,3.978,3.238,4.77,7.563,4.183,9.814,2.271,7.723,7.55,7.574,6.845,8.576,4.7780000000000005,2.109,5.635,4.8260000000000005,4.604,7.195,3.29,9.68,8.666,3.05,5.041,5.012,4.053,6.6579999999999995,13.376,7.465,8.537,7.309,1.2819999999999998,8.767999999999999,3.75,5.297000000000001,5.778,5.055,2.327,3.165,12.686,7.537000000000001,6.452999999999999,7.693,4.652,4.773,0.0,5.274,9.589,2.7680000000000002,6.9479999999999995,0.099,4.492,2.01,3.862,15.042,7.337999999999999,6.77,2.678,9.75,3.668,6.263,3.056,1.975,7.093,5.894,6.5889999999999995,6.921,8.676,5.484,6.735,7.569,5.006,5.746,6.235,3.6719999999999997,10.206,4.6819999999999995,0.625,6.3260000000000005,9.282,3.5380000000000003,7.537000000000001,7.972,8.747,7.609,6.247999999999999,0.382,3.218
N160LH,4.045,7.931,4.552,7.855,13.044,7.888999999999999,1.331,7.372000000000001,10.404000000000002,14.652999999999999,8.796,10.639000000000001,8.931000000000001,10.124,5.084,6.392,9.388,5.572,5.252000000000001,7.761,9.578,5.777,11.459000000000001,4.039,9.737,8.767999999999999,9.589,9.837,9.57,5.766,4.027,6.489,7.817,6.617999999999999,10.186,4.234,9.248,10.68,1.422,1.564,1.535,0.7390000000000001,9.746,12.112,9.48,10.552,8.575,3.2,10.345,1.0590000000000002,8.288,7.792999999999999,0.75,4.71,3.7689999999999997,11.422,9.551,9.445,10.439,6.246,4.9030000000000005,4.659,0.0,11.603,1.954,8.963,4.758,7.484,3.13,0.8240000000000001,13.84,9.352,9.761000000000001,4.446000000000001,11.764000000000001,1.556,7.6610000000000005,2.318,3.8930000000000002,8.086,7.909,8.603,8.935,10.69,0.774,8.749,8.131,0.268,7.76,8.249,1.903,9.187999999999999,5.478,4.6610000000000005,8.34,11.297,4.564,9.281,9.986,10.762,9.623,7.102,4.553,5.232
N144TB,7.853,4.529,8.621,6.814,5.255,7.324,12.229000000000001,6.26,5.207999999999999,6.864,3.65,6.624,4.055,2.986,7.829,7.86,5.204,7.074,6.485,6.695,2.7710000000000004,7.215,2.9610000000000003,9.177999999999999,2.804,4.986000000000001,2.4219999999999997,4.699,4.98,6.7620000000000005,8.863999999999999,7.044,7.534,6.6339999999999995,4.26,8.34,4.901,2.4019999999999997,10.470999999999998,12.463,12.433,11.474,4.753,3.966,2.363,1.8559999999999999,5.763,8.464,3.303,11.171,9.08,4.625,12.512,8.356,9.168,3.117,3.722,7.087000000000001,4.754,6.733,8.805,13.011,12.731,0.0,10.19,3.571,13.11,9.324,9.214,11.79,6.051,3.54,5.309,8.929,1.031,11.125,5.087,10.715,8.613999999999999,5.622999999999999,4.54,4.5569999999999995,3.397,2.412,12.940999999999999,2.975,6.321000000000001,12.463,4.17,4.203,11.093,4.99,6.941,9.801,3.676,1.808,8.269,4.059,3.052,0.904,3.628,6.723,11.640999999999998,7.5329999999999995
N166TS,2.574,6.46,3.0810000000000004,6.56,11.749,6.417999999999999,2.522,6.077000000000001,9.109,13.357999999999999,7.325,9.167,7.46,8.652999999999999,3.613,4.921,7.917000000000001,4.101,3.781,6.29,8.106,4.306,10.357000000000001,2.5669999999999997,8.266,7.296,8.117,8.366,8.275,4.295,2.556,5.194,6.346,5.147,8.715,2.762,7.912999999999999,9.209,0.765,2.7560000000000002,2.7260000000000004,1.767,8.275,10.177,8.009,9.08,7.279,1.729,9.311,1.465,6.817,6.321000000000001,2.926,3.239,1.942,9.487,8.08,7.974,8.968,4.775,3.432,3.188,2.6180000000000003,10.132,0.0,7.4910000000000005,3.287,6.0120000000000005,1.659,1.577,12.544,7.881,8.29,2.9739999999999998,10.293,1.412,5.6339999999999995,1.185,2.4219999999999997,6.791,6.438,7.132000000000001,7.4639999999999995,9.219,3.139,7.278,6.836,2.6189999999999998,6.289,6.778,1.3869999999999998,8.437999999999999,4.007,3.19,6.869,9.825,3.093,7.81,8.515,9.29,8.152000000000001,5.807,3.082,3.761
N135EX,5.185,2.497,5.952000000000001,3.737,6.547999999999999,4.619,9.561,2.7460000000000004,4.232,8.157,0.171,7.651,0.483,3.5069999999999997,5.16,3.253,5.018,4.406000000000001,3.8169999999999997,3.99,1.44,4.546,3.6919999999999997,6.51,2.9960000000000004,3.529,1.7819999999999998,4.6080000000000005,3.673,4.0569999999999995,6.196000000000001,3.385,4.83,3.966,4.893,5.671,1.202,2.407,7.803,9.794,9.765,8.806000000000001,4.488,5.2589999999999995,1.5730000000000002,2.6060000000000003,2.687,5.795,1.858,8.503,6.375,0.975,9.844,5.688,6.499,4.409,4.313,6.457000000000001,5.2,4.065,7.122000000000001,9.043,10.062999999999999,3.5839999999999996,7.522,0.0,9.142000000000001,6.619,6.546,9.121,7.343,0.5920000000000001,5.124,7.835,3.745,8.457,1.7380000000000002,8.047,5.946000000000001,2.546,1.325,0.589,0.171,2.417,10.273,1.178,3.2439999999999998,9.795,1.541,0.868,8.425,2.323,4.237,9.045,1.665,3.0239999999999996,5.601,0.662,3.245,2.7430000000000003,0.862,3.647,8.937000000000001,4.865
N179FY,1.922,5.809,3.5,6.893,14.138,4.789,4.699,6.325,9.031,15.747,6.672999999999999,7.539,6.808,8.001,2.9619999999999997,4.69,6.287999999999999,3.87,3.1289999999999996,4.6610000000000005,7.455,4.074,9.706,2.1630000000000003,7.615,7.441,7.466,6.737,8.468,4.67,2.0,5.527,4.717,4.495,7.086,3.181,9.572000000000001,8.557,2.9419999999999997,4.933,4.9030000000000005,3.944,6.55,13.267999999999999,7.357,8.429,7.2010000000000005,1.173,8.66,3.642,5.189,5.67,4.946000000000001,2.218,3.056,12.578,7.428999999999999,6.345,7.585,4.544,4.664,0.379,5.165,9.481,2.66,6.84,0.0,4.3839999999999995,1.901,3.7539999999999996,14.933,7.23,6.6610000000000005,2.57,9.642000000000001,3.56,6.155,2.947,1.8659999999999999,6.984,5.7860000000000005,6.48,6.813,8.567,5.376,6.626,7.461,4.897,5.638,6.126,3.5639999999999996,10.097000000000001,4.574,0.517,6.2170000000000005,9.174,3.429,7.428,7.8629999999999995,8.639,7.5,6.14,0.273,3.11
N183BW,4.455,4.361000000000001,6.609,7.803,10.594000000000001,1.3780000000000001,8.048,6.7829999999999995,8.38,12.203,5.226,4.41,5.36,6.553999999999999,3.858,6.591,3.3310000000000004,5.806,5.2170000000000005,2.282,6.007000000000001,5.946000000000001,8.839,4.129,6.167000000000001,5.197,6.018,3.875,7.649,2.349,5.109,7.422000000000001,1.589,3.799,4.224,6.29,6.028,7.11,6.29,8.281,8.252,7.292999999999999,3.389,9.724,5.91,6.981,6.752999999999999,4.282,7.212000000000001,6.99,1.969,4.2219999999999995,8.295,3.452,6.165,9.033999999999999,5.981,3.216,4.4239999999999995,5.4639999999999995,2.713,4.6339999999999995,8.514,8.033,6.007999999999999,5.392,4.7330000000000005,0.0,5.25,7.102,11.389000000000001,5.782,3.533,3.426,8.193999999999999,6.9079999999999995,5.774,6.296,4.975,6.612,4.3389999999999995,5.033,5.365,7.12,8.724,5.178999999999999,7.31,8.246,4.19,4.678999999999999,6.912000000000001,6.553,2.623,4.636,4.77,7.726,7.001,5.926,6.416,7.191,6.053,7.712999999999999,4.5280000000000005,4.006
N155AA,1.8,5.678,1.6269999999999998,5.91,10.992,5.644,3.707,5.07,8.047,12.600999999999999,6.542000000000001,8.392999999999999,6.343,7.87,2.952,3.435,7.143,2.615,2.9130000000000003,5.516,7.324,2.819,9.236,1.7930000000000001,7.484,6.513999999999999,7.335,7.593,7.212999999999999,3.5210000000000004,0.934,3.661,5.572,4.365,7.877999999999999,1.308,6.426,8.426,1.95,3.9410000000000003,3.911,2.952,7.647,10.122,7.226,8.298,6.218,0.955,7.901,2.65,6.042999999999999,5.539,3.738,2.464,1.183,9.432,7.297999999999999,7.2,8.185,3.2880000000000003,2.658,2.218,3.957,9.35,1.6680000000000001,6.547999999999999,2.3169999999999997,5.2379999999999995,0.0,3.016,11.787,6.534,7.516,2.2,9.511000000000001,2.351,4.9,1.9409999999999998,1.06,5.729,5.655,6.529,6.497999999999999,8.469,4.167,6.495,6.206,3.6889999999999996,5.507000000000001,5.995,2.572,6.9510000000000005,3.233,2.22,6.086,9.043,1.444,6.324,7.732,8.508,6.99,5.156000000000001,2.112,2.989
N165SA,3.668,7.553999999999999,4.0169999999999995,7.524,12.713,7.5120000000000005,1.392,7.041,10.073,14.322000000000001,8.418,10.261,8.552999999999999,9.747,4.707,5.857,9.011000000000001,5.037,4.874,7.3839999999999995,9.2,5.2410000000000005,11.128,3.661,9.36,8.39,9.211,9.46,9.238,5.388999999999999,3.7310000000000003,6.1579999999999995,7.44,6.7860000000000005,9.809,3.698,8.847999999999999,10.302999999999999,1.044,1.625,1.595,0.8,9.368,11.78,9.102,10.174,8.243,2.823,10.013,0.682,7.9110000000000005,7.415,1.349,4.332,2.877,11.09,9.174,9.067,10.062000000000001,5.71,4.525,4.282,1.31,11.225999999999999,1.577,8.585,4.381,7.106,3.275,0.0,13.508,8.975,9.384,4.0680000000000005,11.387,0.665,7.659,1.526,3.8569999999999998,7.755,7.531000000000001,8.225,8.558,10.312000000000001,1.5619999999999998,8.371,7.8,1.042,7.382999999999999,7.872000000000001,1.8559999999999999,9.373,5.1,4.284,7.962000000000001,10.919,4.029,8.746,9.607999999999999,10.384,9.245,6.771,4.175,4.855
N208BU,11.261,8.769,9.101,6.507000000000001,1.25,10.695,14.894,6.607,3.574,1.5219999999999998,7.534,13.727,7.3229999999999995,9.015,11.237,8.005,11.095,8.996,9.894,10.066,6.688,8.971,4.051,12.587,8.832,9.605,8.5,10.684000000000001,4.455,10.134,10.785,7.392,10.905999999999999,10.042,10.969000000000001,9.095,6.365,4.9319999999999995,12.754000000000001,15.127,15.097000000000001,14.302,10.564,2.129,8.164,7.885,6.317,11.872,5.776,13.454,12.452,8.254,13.517000000000001,11.764000000000001,10.290999999999999,3.201,10.389000000000001,12.534,11.277000000000001,9.051,13.198,15.119000000000002,13.642999999999999,6.028,12.472000000000001,7.362,15.218,12.695,10.399000000000001,13.502,0.0,6.73,11.2,13.911,7.06,12.838,7.309,12.262,10.911,5.896,9.215,7.638999999999999,7.188,5.132999999999999,14.133,8.334,7.242999999999999,13.375,8.845,8.148,13.376,4.834,10.312999999999999,15.120999999999999,8.589,5.006,9.057,6.861000000000001,9.081,6.932,6.596,7.046,15.013,10.940999999999999
N134RE,5.615,2.888,6.382999999999999,3.9130000000000003,6.063,5.06,9.991,3.359,3.747,7.672000000000001,0.763,8.092,0.85,3.7489999999999997,5.591,3.239,5.459,4.836,4.247,4.431,1.237,4.977,3.207,6.94,3.238,3.9589999999999996,2.024,5.038,3.188,4.498,6.626,4.144,5.27,4.396,5.3229999999999995,6.101,1.187,2.204,8.232999999999999,13.13,13.100999999999999,12.142000000000001,4.928,4.774,1.5330000000000001,2.61,2.863,6.225,1.55,11.839,6.816,1.5659999999999998,10.274000000000001,6.117999999999999,6.93,3.924,4.743,6.898,5.63,3.523,7.562,9.482999999999999,10.493,3.6460000000000004,7.952000000000001,0.5920000000000001,9.582,7.06,6.976,9.551,6.858,0.0,5.564,8.275,3.807,8.887,1.723,8.477,6.376,2.722,1.9169999999999998,1.181,0.41700000000000004,2.1180000000000003,10.703,1.421,3.42,10.225,1.932,1.46,11.761,1.865,4.677,9.485,1.676,2.821,6.031000000000001,0.519,3.487,2.804,0.659,3.823,9.377,5.295
N90TY,6.5920000000000005,4.369,7.36,7.563,10.354000000000001,1.945,10.315999999999999,6.542999999999999,8.14,12.242,5.233,1.76,5.367999999999999,3.1910000000000003,3.5189999999999997,6.599,0.727,5.814,5.225,2.012,4.641,5.954,7.077000000000001,6.398,2.804,3.1460000000000004,3.405,1.175,7.409,2.079,7.377999999999999,7.662000000000001,1.788,3.5589999999999997,1.525,7.079,5.787999999999999,5.928,8.558,10.55,10.52,9.561,1.249,9.344,3.926,3.6180000000000003,6.513,6.551,6.031000000000001,9.258,4.445,4.23,10.562999999999999,4.124,7.907,8.494,1.992,1.742,1.821,5.472,4.982,6.903,10.782,5.377000000000001,8.277000000000001,5.4,7.002000000000001,4.689,7.518,9.371,11.427999999999999,5.79,0.0,5.694,5.331,9.176,5.534,8.564,7.242999999999999,6.372000000000001,4.346,5.04,5.372999999999999,5.938,10.992,3.89,7.07,10.514000000000001,4.198,4.686,9.18,6.313,2.258,6.905,3.801,6.545,7.0089999999999995,5.9879999999999995,3.053,4.596,6.06,7.472,6.796,3.667
N179DH,1.2329999999999999,4.843,4.262,5.928,11.07,3.866,4.93,5.088,8.065,12.679,5.707999999999999,6.615,5.843,7.0360000000000005,1.395,3.4530000000000003,4.857,2.716,2.164,3.0269999999999997,6.49,2.8369999999999997,8.741,1.109,6.65,5.807,6.501,4.691,7.231,2.2969999999999997,1.834,4.561,3.7939999999999996,2.622,5.751,3.015,6.906000000000001,7.5920000000000005,3.1719999999999997,5.164,5.1339999999999995,4.175,4.916,10.421,6.392,7.4639999999999995,6.236000000000001,1.165,7.695,3.872,4.265,4.705,5.1770000000000005,0.254,2.89,9.571,6.4639999999999995,5.421,5.296,3.0439999999999996,0.74,1.8430000000000002,5.396,8.515,2.891,5.875,1.942,3.46,2.1319999999999997,3.985,11.866,6.263999999999999,5.7379999999999995,0.0,8.677,3.79,4.918,3.178,1.7,5.747000000000001,4.821000000000001,5.515,5.848,7.602,5.607,5.6610000000000005,6.224,5.127999999999999,4.672,5.1610000000000005,3.7939999999999996,7.431,2.008,1.845,5.252000000000001,8.209,3.911,6.803999999999999,6.898,7.6739999999999995,6.535,5.1739999999999995,1.7369999999999999,1.5430000000000001
N211SX,8.039,4.466,8.807,7.0,6.312,7.51,12.415,6.446000000000001,6.2589999999999995,7.921,3.8360000000000003,6.561,4.2410000000000005,2.923,8.015,8.046,5.14,7.261,6.672000000000001,6.881,2.957,7.401,4.018,9.365,2.74,4.922,2.608,4.636,5.7010000000000005,6.9479999999999995,9.05,7.23,7.721,6.82,4.196000000000001,8.526,5.088,2.792,10.658,12.649000000000001,12.619000000000002,11.66,4.69,5.023,2.549,1.7930000000000001,5.95,8.65,3.693,11.357999999999999,9.266,4.811,12.698,8.543,9.354,4.173,3.658,7.024,4.691,6.919,8.991,11.934000000000001,12.917,1.056,10.376,3.758,12.033,9.51,9.4,11.975999999999999,7.107,3.7260000000000004,5.246,9.116,0.0,11.311,5.274,10.902000000000001,8.8,5.809,4.726,4.743,3.583,2.801,13.127,3.162,6.507000000000001,12.649000000000001,4.356,4.388999999999999,11.28,4.9510000000000005,7.127000000000001,11.936,3.862,2.864,8.456,4.245,2.989,1.09,3.8139999999999996,6.91,11.827,7.72
N165ED,3.495,7.435,3.352,6.907,12.095999999999998,7.3389999999999995,2.056,6.4239999999999995,9.456,13.705,8.3,10.088,8.434,9.628,4.534,5.192,8.838,4.372,4.702,7.211,9.081,4.577,10.511,3.488,9.241,8.271,9.092,9.287,8.622,5.216,3.0669999999999997,5.541,7.267,6.122000000000001,9.636000000000001,3.033,8.183,10.184,0.664,2.29,2.26,1.465,7.124,11.163,8.984,10.055,7.627000000000001,2.65,10.286,1.3459999999999999,7.7379999999999995,7.296,1.5959999999999999,4.159,2.213,10.474,9.055,8.894,9.943,5.046,4.353,4.109,1.556,11.107000000000001,1.685,8.466000000000001,4.208,6.933,2.61,0.665,12.890999999999998,8.856,9.211,3.895,11.267999999999999,0.0,5.905,1.2690000000000001,3.193,7.138,7.412000000000001,8.107000000000001,8.439,10.193999999999999,1.8090000000000002,8.253,7.183,1.288,7.263999999999999,7.752999999999999,2.21,8.708,4.927,4.111000000000001,7.843999999999999,10.8,3.364,8.081,9.49,10.265,9.127,6.154,4.003,4.6819999999999995
N228JQ,4.447,3.366,2.7889999999999997,2.492,5.979,5.292999999999999,7.7860000000000005,1.095,3.766,7.5889999999999995,2.069,8.325,1.693,5.559,4.422,1.693,5.692,2.6839999999999997,3.0789999999999997,4.664,3.793,2.66,4.186,5.772,5.172000000000001,4.202,3.458,5.281000000000001,3.0060000000000002,4.731,4.474,1.879,5.502999999999999,3.228,5.567,2.783,1.975,3.995,5.812,8.019,7.99,7.194,5.1610000000000005,5.109,3.2489999999999997,4.3180000000000005,2.011,5.0569999999999995,3.072,6.5120000000000005,7.0489999999999995,2.342,7.372000000000001,4.95,3.98,4.419,4.986000000000001,7.131,5.874,2.029,5.399,6.393,7.497000000000001,6.075,5.531000000000001,1.8980000000000001,6.492000000000001,7.292999999999999,4.823,6.394,6.775,3.359,5.797999999999999,5.523,6.4110000000000005,5.73,0.0,5.32,4.6,1.5230000000000001,2.693,1.7269999999999999,1.847,3.64,7.9879999999999995,2.8539999999999996,1.999,7.229,3.195,2.2359999999999998,6.434,1.939,4.092,6.395,3.033,4.611000000000001,2.745,1.673,5.421,5.4079999999999995,3.225,2.4019999999999997,6.2860000000000005,4.127
N156PS,2.733,6.6739999999999995,2.591,6.07,11.988,6.577999999999999,3.0810000000000004,5.587000000000001,8.619,13.597000000000001,7.537999999999999,9.327,7.672999999999999,8.867,3.773,4.431,8.077,3.611,3.94,6.45,8.32,3.815,9.673,2.727,8.48,7.51,8.331,8.525,7.784,4.455,2.305,4.703,6.506,5.361000000000001,8.874,2.272,7.422000000000001,9.423,1.462,3.57,3.54,2.608,6.3629999999999995,10.325999999999999,8.222000000000001,9.294,6.789,1.8880000000000001,9.525,2.162,6.977,6.535,2.565,3.398,1.4509999999999998,9.636000000000001,8.294,8.133,9.182,4.285,3.591,3.3480000000000003,2.8369999999999997,10.345999999999998,1.12,7.705,3.447,6.172000000000001,1.849,1.945,12.054,8.095,8.449,3.134,10.507,1.28,5.144,0.0,2.431,6.301,6.651,7.345,7.678,9.432,3.089,7.4910000000000005,6.345,2.568,6.502999999999999,6.992000000000001,1.645,7.947,4.166,3.35,7.082000000000001,10.039,2.603,7.32,8.729,9.504,8.366,5.316,3.241,3.9210000000000003
N176TR,1.6340000000000001,4.828,2.296,5.681,10.762,6.107,5.37,4.841,7.818,12.372,5.693,8.856,5.827999999999999,7.021,2.188,3.205,5.386,2.386,2.149,4.032,6.474,2.59,8.725,2.256,6.6339999999999995,5.664,6.485,6.742999999999999,6.984,3.48,0.932,4.314,6.035,3.515,7.029,2.113,6.197,7.577000000000001,3.612,5.603,5.574,4.615,5.388999999999999,10.405,6.377000000000001,7.4479999999999995,5.9879999999999995,1.4180000000000001,7.672000000000001,4.312,6.506,4.689,5.212000000000001,2.205,1.9880000000000002,9.556000000000001,6.4479999999999995,7.662000000000001,7.336,3.0589999999999997,3.1639999999999997,2.877,5.431,8.5,3.33,5.859,2.9760000000000004,5.7010000000000005,1.662,4.489,11.558,6.249,7.979,2.6630000000000003,8.661,3.825,4.671,3.415,0.0,5.5,4.806,5.5,5.832000000000001,7.587000000000001,5.641,5.646,5.977,5.162999999999999,4.657,5.146,4.234,6.722,3.1919999999999997,2.8789999999999996,5.237,8.193,1.945,6.095,6.882999999999999,7.6579999999999995,6.52,4.927,2.7710000000000004,2.225
N112TP,5.675,4.027,3.307,1.367,5.095,5.954,9.141,0.813,2.575,6.704,2.8680000000000003,8.986,2.359,6.22,5.65,2.21,6.353,3.201,4.3069999999999995,5.325,3.155,3.177,3.549,6.454,5.832999999999999,4.863,4.124,5.942,1.7409999999999999,5.392,4.9910000000000005,1.597,6.164,4.456,6.227,3.301,1.338,3.3569999999999998,7.002000000000001,9.375,9.345,8.55,5.822,4.225,4.255,5.058,0.665,5.615,2.435,7.702000000000001,7.71,3.003,7.765,6.178,4.497,3.535,5.647,7.792000000000001,6.535,3.2569999999999997,6.627000000000001,10.377,7.891,5.437,6.72,2.5639999999999996,10.475999999999999,7.954,5.341,7.75,5.89,2.721,6.457999999999999,6.751,5.773,7.085,1.515,6.51,5.117,0.0,3.3539999999999996,2.388,2.5140000000000002,3.003,8.381,3.5210000000000004,0.8740000000000001,7.622999999999999,3.8560000000000003,2.897,7.624,1.054,5.571000000000001,10.379000000000001,3.693,3.9739999999999998,3.262,2.852,6.082000000000001,4.77,2.588,1.2770000000000001,10.270999999999999,5.355
N135DR,4.17,1.9340000000000002,4.938,4.753,7.885,4.996,8.546,3.693,5.569,9.494,1.216,6.055,1.294,3.5380000000000003,4.146,4.177,4.0969999999999995,3.391,2.802,4.367,2.526,3.532,5.0280000000000005,5.495,3.1510000000000002,2.5140000000000002,2.537,3.593,5.01,4.434,5.181,4.332,5.207000000000001,2.951,3.878,4.657,2.218,3.628,6.787999999999999,8.78,8.75,7.791,3.647,6.596,2.428,3.366,3.7030000000000003,4.781000000000001,3.1830000000000003,7.4879999999999995,6.752000000000001,0.35100000000000003,8.829,4.673,5.485,5.746,3.298,6.834,4.185,3.05,5.122000000000001,9.42,9.048,4.551,6.507000000000001,1.325,9.519,6.996,5.531000000000001,8.107000000000001,8.68,1.9169999999999998,4.203,5.246,4.713,7.442,2.6839999999999997,7.032,4.931,3.562,0.0,0.966,1.4969999999999999,3.638,9.258,1.6969999999999998,4.26,8.78,0.978,0.435,7.41,3.34,4.613,9.422,1.288,4.245,4.586,1.9880000000000002,3.3989999999999996,3.71,2.188,4.663,9.312999999999999,3.85
N135HS,4.596,2.103,5.3629999999999995,3.8480000000000003,6.98,4.03,8.972000000000001,2.727,4.664,8.589,0.48,7.062,0.557,3.635,4.571000000000001,3.234,4.428999999999999,3.8169999999999997,3.228,3.4010000000000002,2.543,3.957,4.123,5.921,3.248,2.94,2.5540000000000003,4.019,4.105,3.468,5.607,3.366,4.2410000000000005,3.377,4.303999999999999,5.082,1.3130000000000002,2.9960000000000004,7.2139999999999995,9.205,9.176,8.217,3.8989999999999996,5.691,2.345,3.4619999999999997,2.798,5.206,2.7880000000000003,7.914,5.7860000000000005,0.615,9.255,5.099,5.91,4.841,3.7239999999999998,5.867999999999999,4.611000000000001,3.4760000000000004,6.5329999999999995,8.454,9.474,4.5680000000000005,6.933,0.589,8.552999999999999,6.03,5.957000000000001,8.532,7.775,1.181,4.535,7.246,4.73,7.867999999999999,1.719,7.457999999999999,5.357,2.657,0.966,0.0,0.76,3.0060000000000002,9.684,1.714,3.355,9.206,1.181,0.509,7.836,2.435,3.648,8.456,1.305,3.613,5.012,1.2109999999999999,3.4960000000000004,3.727,1.4509999999999998,3.758,8.347999999999999,4.276
N135XL,5.1979999999999995,2.471,5.966,3.6860000000000004,6.565,4.791,9.574,2.696,4.25,8.175,0.374,7.822,0.654,3.332,5.1739999999999995,3.2030000000000003,5.19,4.419,3.83,4.1610000000000005,1.265,4.56,3.7089999999999996,6.523,2.822,3.542,1.607,4.621,3.6910000000000003,4.229,6.209,3.335,5.001,3.9789999999999996,4.906000000000001,5.685,1.1520000000000001,2.2319999999999998,7.816,12.860999999999999,9.777999999999999,8.818999999999999,4.659,5.277,1.399,2.467,2.636,5.809,1.683,8.516,6.547000000000001,1.146,9.857000000000001,5.7010000000000005,6.513,4.427,4.3260000000000005,6.629,5.212999999999999,3.488,7.292999999999999,9.214,10.076,3.41,7.535,0.171,9.312999999999999,6.79,6.559,9.135,7.361000000000001,0.41700000000000004,5.295,8.006,3.571,8.47,1.6869999999999998,8.06,5.959,2.496,1.4969999999999999,0.76,0.0,2.242,10.286,1.004,3.194,9.808,1.515,1.04,8.437999999999999,2.281,4.408,9.216000000000001,1.2590000000000001,2.8489999999999998,5.614,0.612,3.07,2.568,0.688,3.596,9.107999999999999,4.878
N146BW,7.055,4.328,7.8229999999999995,4.1930000000000005,4.321000000000001,6.787999999999999,11.431,3.639,3.452,5.93,2.852,7.693,2.5780000000000003,4.055,7.031000000000001,4.967,6.982,6.276,5.687,6.159,1.215,6.417000000000001,1.358,8.38,3.872,5.399,2.966,6.478,2.8930000000000002,6.226,8.066,4.423,6.997999999999999,5.836,5.327999999999999,7.542000000000001,2.28,0.348,9.673,11.665,11.635,10.675999999999998,6.657,3.032,2.69,2.925,3.142,7.666,0.885,10.373,8.544,3.827,10.591,7.558,8.37,2.182,4.79,8.626,5.8229999999999995,5.935,8.007,11.212,11.933,2.428,9.392000000000001,2.519,11.311,8.788,8.416,10.992,5.1160000000000005,2.116,7.087999999999999,8.131,2.764,10.327,3.451,9.917,7.816,3.002,3.742,3.109,2.345,0.0,12.142999999999999,2.861,3.7,11.665,3.372,3.405,10.295,2.144,6.405,11.214,3.116,0.965,7.471,2.247,4.121,1.761,1.983,4.102,11.105,6.735
N160DJ,4.2780000000000005,8.164,4.785,8.185,13.374,8.122,1.564,7.702000000000001,10.734000000000002,14.982999999999999,9.029,10.872,9.164,10.357000000000001,5.317,6.625,9.621,5.806,5.485,7.994,9.811,6.01,11.789000000000001,4.272,9.971,9.001,9.822000000000001,10.07,9.899,5.999,4.26,6.819,8.05,6.851,10.419,4.467,9.617,10.913,1.655,1.121,1.143,0.972,9.979,12.440999999999999,9.713,10.785,8.904,3.4330000000000003,11.015999999999998,1.2919999999999998,8.522,8.026,0.9079999999999999,4.9430000000000005,3.6460000000000004,11.751,9.785,9.677999999999999,10.672,6.479,5.136,4.8919999999999995,0.6609999999999999,11.835999999999999,2.187,9.196,4.9910000000000005,7.7170000000000005,3.363,1.057,14.169,9.585,9.994,4.678999999999999,11.997,1.7209999999999999,7.9910000000000005,2.407,4.126,8.416,8.142000000000001,8.836,9.168,10.923,0.0,8.982000000000001,8.46,0.7120000000000001,7.992999999999999,8.482000000000001,2.136,10.142000000000001,5.711,4.894,8.573,11.53,4.797,9.515,10.219,10.995,9.856,7.432,4.7860000000000005,5.466
N213BA,5.01,1.475,5.778,4.6930000000000005,6.8660000000000005,4.481,9.386000000000001,3.7030000000000003,5.417000000000001,8.475,1.222,5.724,2.042,2.71,4.986000000000001,5.0169999999999995,3.766,4.232,3.6430000000000002,3.852,1.646,4.372,3.897,6.335,2.0540000000000003,3.549,0.84,3.262,4.859,3.9189999999999996,6.021,4.342,4.691,3.7910000000000004,3.515,5.497000000000001,2.1590000000000003,2.748,7.627999999999999,9.62,9.59,8.631,3.3160000000000003,5.577000000000001,0.631,1.6640000000000001,3.6430000000000002,5.621,2.8510000000000004,8.329,6.237,1.7819999999999998,9.669,5.513,6.325,4.727,2.977,6.319,3.8539999999999996,3.89,5.962000000000001,6.956,9.888,2.988,7.347,1.178,7.055,6.481,6.371,8.947000000000001,7.6610000000000005,1.421,3.872,6.086,3.1489999999999996,8.282,2.694,7.872999999999999,5.771,3.503,1.6969999999999998,1.714,1.004,2.758,10.097999999999999,0.0,4.2010000000000005,9.62,1.365,1.36,8.25,3.285,4.098,6.957999999999999,0.7,3.365,5.426,1.619,2.303,2.147,1.6909999999999998,4.603,6.85,4.69
N112BA,5.257000000000001,4.725,3.783,0.727,6.454,6.651,8.976,1.29,3.0380000000000003,8.062999999999999,3.5660000000000003,9.683,3.057,6.917000000000001,5.233,2.611,7.051,3.602,4.784,6.022,3.853,3.577,4.247,6.854,6.531000000000001,5.561,5.502000000000001,6.64,2.2030000000000003,6.09,5.391,1.432,6.862,4.9319999999999995,6.925,3.7769999999999997,2.035,4.055,6.837000000000001,9.21,9.18,8.385,6.52,4.745,4.952,5.756,1.3619999999999999,6.015,3.1319999999999997,7.537000000000001,8.408,3.701,7.6,5.76,4.974,4.055,6.345,8.488999999999999,7.232,3.734,6.209,7.474,7.726,6.135,6.555,3.262,7.5729999999999995,8.651,5.7410000000000005,7.585,7.25,3.4189999999999996,7.156000000000001,6.334,6.471,6.92,1.9909999999999999,6.345,5.517,0.8740000000000001,4.052,3.0860000000000003,3.2110000000000003,3.701,8.216000000000001,4.218,0.0,7.457999999999999,4.553999999999999,3.595,7.459,2.161,6.269,7.476,4.391,4.671,3.739,3.55,6.779,5.468,3.285,0.636,7.367999999999999,5.831
N160AY,4.096,7.982,4.68,7.587000000000001,12.776,7.94,1.381,7.104,10.136000000000001,14.385,8.846,10.689,8.981,10.175,5.135,6.52,9.439,5.7,5.3020000000000005,7.812,9.628,5.904,11.190999999999999,4.0889999999999995,9.788,8.818,9.639,9.888,9.302,5.817,4.078,6.221,7.867999999999999,7.45,10.237,4.361000000000001,8.98,10.731,1.472,1.615,1.585,0.79,9.796,11.843,9.53,10.602,8.307,3.2510000000000003,10.077,1.11,8.339,7.843,0.48200000000000004,4.76,3.54,11.154000000000002,9.602,9.495,11.27,6.374,4.953,4.71,0.268,11.654000000000002,2.005,9.013,4.809,7.534,3.8989999999999996,1.042,13.572000000000001,9.402999999999999,9.812000000000001,4.496,11.815,1.288,7.393,2.05,3.943,7.818,7.959,8.652999999999999,8.986,10.74,0.563,8.799,7.8629999999999995,0.0,7.811,8.299,1.953,8.92,5.528,4.712,8.39,11.347000000000001,4.692,9.408999999999999,10.036,10.812000000000001,9.673,6.834,4.603,5.2829999999999995
N135DE,4.022,1.255,4.789,4.968,7.376,3.492,8.398,3.908,5.9270000000000005,8.985,1.374,5.907,1.5090000000000001,2.859,3.997,4.0280000000000005,3.949,3.2430000000000003,2.654,2.863,2.156,3.383,4.407,5.347,2.472,2.366,2.205,3.444,5.369,2.93,5.033,5.091,3.7030000000000003,2.803,3.73,4.508,2.434,3.258,6.64,8.631,8.602,7.643,3.4989999999999997,6.087000000000001,1.9969999999999999,2.687,3.918,4.632,3.361,7.34,5.247999999999999,1.249,8.68,4.525,5.336,5.237,3.1489999999999996,5.33,4.037,2.9010000000000002,4.973,5.968,8.899,4.181,6.358,1.541,6.067,5.492000000000001,5.382999999999999,7.957999999999999,8.171,1.931,4.053999999999999,5.098,4.399,7.294,2.9,6.8839999999999995,4.782,3.778,0.978,1.181,1.514,3.2680000000000002,9.11,1.365,4.475,8.631,0.0,0.8270000000000001,7.2620000000000005,3.555,3.11,5.97,0.9179999999999999,3.875,4.438,2.129,2.72,3.34,2.201,4.878,5.861000000000001,3.702
N135DS,4.397,1.67,5.165,4.296,7.428,4.539,8.773,3.236,5.112,9.037,0.759,7.571000000000001,0.8370000000000001,3.281,4.373,4.404,4.938,3.6189999999999998,3.03,3.91,2.189,3.759,4.572,5.723,2.8939999999999997,2.741,2.2,3.82,4.553,3.977,5.4079999999999995,3.875,4.75,3.179,4.106,4.8839999999999995,1.761,3.2910000000000004,7.016,9.007,8.977,8.017999999999999,4.408,6.138999999999999,1.9909999999999999,3.109,3.2460000000000004,5.008,3.3939999999999997,7.716,6.295,0.532,9.056000000000001,4.901,5.712000000000001,5.289,3.525,6.377000000000001,4.413,3.2769999999999997,7.042000000000001,8.963,9.275,4.215,6.734,0.868,9.062000000000001,6.539,5.757999999999999,8.334,8.222999999999999,1.46,4.43,5.474,4.376,7.669,2.227,7.26,5.1579999999999995,3.105,0.435,0.509,1.04,3.301,9.486,1.36,3.803,9.007,0.7140000000000001,0.0,7.638,2.883,4.156000000000001,8.965,0.951,3.908,4.814,1.531,3.142,3.373,1.7309999999999999,4.206,8.856,4.078
N166NA,3.81,7.696000000000001,4.317,7.796,12.985,7.654,1.7369999999999999,8.149,11.181,14.594000000000001,8.56,10.402999999999999,8.695,9.889,4.849,6.157,9.152999999999999,5.337000000000001,5.0169999999999995,7.526,9.342,5.542000000000001,11.593,3.803,9.502,8.532,9.353,9.602,10.345999999999998,5.531000000000001,3.792,6.43,7.582000000000001,6.382999999999999,9.951,3.998,9.148,10.445,1.186,1.97,1.94,0.759,9.511000000000001,11.413,9.245,10.315999999999999,9.351,2.965,10.547,0.9059999999999999,8.052999999999999,7.557,2.3680000000000003,4.474,3.178,10.722999999999999,9.316,9.209,10.204,6.011,4.668,4.4239999999999995,1.8319999999999999,11.368,1.719,8.727,4.523,7.247999999999999,2.895,1.0190000000000001,13.78,9.117,9.526,4.21,11.529000000000002,1.683,6.87,2.07,3.658,8.863,7.672999999999999,8.368,8.7,10.455,2.862,8.514,8.907,1.882,7.525,8.014,0.0,9.674,5.242000000000001,4.426,8.105,11.061,4.329,9.046,9.751,10.526,9.388,7.042999999999999,4.3180000000000005,4.997
N111AT,6.4270000000000005,3.9339999999999997,4.761,2.451,4.04,5.861000000000001,10.802999999999999,1.922,1.827,5.65,2.4730000000000003,8.892999999999999,2.117,6.186,6.402,3.665,6.26,5.648,5.059,5.232,2.2769999999999997,5.062,2.369,7.752000000000001,5.74,4.771,3.926,5.85,1.0959999999999999,5.2989999999999995,7.438,2.7060000000000004,6.072,5.207999999999999,6.135,6.912999999999999,1.159,2.479,9.045,11.036,11.007,10.048,5.73,3.17,3.377,4.18,1.483,7.037000000000001,1.557,9.745,7.617000000000001,2.911,8.874,6.93,7.7410000000000005,2.481,5.555,7.699,6.442,3.95,8.363999999999999,10.285,9.0,4.559,8.764,2.301,10.384,7.861000000000001,7.787999999999999,8.859,4.836,1.8430000000000002,6.3660000000000005,9.077,4.895,8.193999999999999,2.149,9.289,7.188,1.062,3.262,2.296,2.26,2.125,9.49,3.264,1.9580000000000002,8.732000000000001,3.763,2.805,9.667,0.0,5.479,10.287,3.5189999999999997,3.486,6.843,1.974,5.989,3.892,1.71,2.3609999999999998,10.179,6.107
N182TB,2.265,3.22,4.535,6.282,9.453,1.876,6.042999999999999,4.6530000000000005,7.24,11.062000000000001,4.085,3.6689999999999996,4.22,5.412999999999999,1.258,3.7260000000000004,2.191,2.989,2.437,0.838,4.867,3.11,7.6979999999999995,2.775,5.026,3.142,4.878,2.68,6.507999999999999,0.28600000000000003,3.3310000000000004,4.672,1.944,1.331,3.029,4.254,4.888,5.968999999999999,4.2860000000000005,6.277,6.247000000000001,5.287999999999999,2.194,8.583,4.769,5.84,5.612,2.278,6.071000000000001,4.986000000000001,3.6319999999999997,3.0810000000000004,6.29,1.8630000000000002,4.387,7.893,4.84,3.714,3.285,2.4819999999999998,2.226,4.842,6.5089999999999995,6.892,4.004,4.251,4.941,2.608,4.061,5.098,10.249,4.641,2.2969999999999997,2.9389999999999996,7.053,4.9030000000000005,4.141,4.291,3.319,5.313,3.198,3.892,4.224,5.979,6.72,4.038,5.789,6.2410000000000005,3.049,3.5380000000000003,4.908,5.412999999999999,0.0,4.843999999999999,3.6289999999999996,6.585,4.184,4.785,5.275,6.05,4.912,5.285,4.735,1.406
N179PS,2.205,6.091,3.783,7.176,14.42,5.072,4.982,6.608,9.312999999999999,16.03,6.956,7.821000000000001,7.091,8.283999999999999,3.2439999999999998,4.9719999999999995,6.571000000000001,4.1530000000000005,3.412,4.944,7.7379999999999995,4.357,9.988,2.4459999999999997,7.897,7.724,7.749,7.02,8.751,4.953,2.283,5.809,5.0,4.7780000000000005,7.369,3.464,9.855,8.84,3.2239999999999998,5.216,5.186,4.227,6.832000000000001,13.55,7.64,8.712,7.484,1.456,8.943,3.924,5.471,5.952999999999999,5.229,2.501,3.339,12.860999999999999,7.712000000000001,6.627999999999999,7.867000000000001,4.8260000000000005,4.947,0.7979999999999999,5.4479999999999995,9.763,2.943,7.122999999999999,0.897,4.666,2.184,4.037,15.216,7.5120000000000005,6.944,2.853,9.924,3.842,6.438,3.23,2.149,7.267,6.069,6.763,7.095,8.85,5.6579999999999995,6.909,7.744,5.18,5.92,6.409,3.846,10.38,4.857,0.0,6.5,9.457,3.7119999999999997,7.711,8.146,8.922,7.7829999999999995,6.422000000000001,0.691,3.3930000000000002
N135AJ,4.601,1.385,5.369,5.092,7.127000000000001,4.072,8.977,4.032,5.678999999999999,8.736,1.125,6.486000000000001,1.633,2.6210000000000004,4.577,4.6080000000000005,3.677,3.823,3.234,3.443,1.9069999999999998,3.963,4.158,5.9270000000000005,2.234,3.4589999999999996,1.54,3.1719999999999997,5.12,3.51,5.612,4.671,4.282,3.3819999999999997,3.425,5.088,2.557,3.01,7.22,9.211,9.181000000000001,8.222000000000001,3.2260000000000004,5.837999999999999,1.331,2.448,4.042,5.212000000000001,3.112,7.92,5.827999999999999,1.3730000000000002,9.26,5.104,5.916,4.988,2.888,5.91,4.6160000000000005,3.4810000000000003,5.553,6.547000000000001,9.479,3.688,6.938,1.665,6.646,6.072,5.962000000000001,8.538,7.922000000000001,1.682,3.782,5.6770000000000005,3.85,7.872999999999999,3.0239999999999996,7.4639999999999995,5.362,3.9019999999999997,1.288,1.305,1.265,3.0189999999999997,9.689,0.7,4.599,9.211,0.9179999999999999,0.951,7.841,3.679,3.6889999999999996,9.761000000000001,0.0,3.6260000000000003,5.018,1.881,2.4819999999999998,2.847,1.952,5.002,6.441,4.281000000000001
N144BS,7.504,4.7780000000000005,8.272,5.167999999999999,4.232,6.975,11.880999999999998,4.615,4.185,5.841,3.301,8.096,3.452,4.458,7.48,5.943,7.432,6.726,6.1370000000000005,6.346,1.6640000000000001,6.8660000000000005,1.4180000000000001,8.83,4.276,6.457999999999999,3.37,6.9270000000000005,3.5439999999999996,6.412999999999999,8.516,5.399,7.186,6.2860000000000005,5.732,7.9910000000000005,3.2560000000000002,0.88,10.123,12.114,12.084000000000001,11.126,6.981,2.943,3.14,3.3280000000000003,4.118,8.115,1.861,10.823,8.731,4.276,12.163,8.008,8.818999999999999,2.093,5.194,8.812999999999999,6.226,6.3839999999999995,8.456,12.012,12.382,1.829,9.841000000000001,2.969,12.110999999999999,8.975,8.866,11.440999999999999,5.027,2.766,7.537000000000001,8.581,2.861,10.776,4.427,10.367,8.265,3.978,4.191,3.5580000000000003,2.7939999999999996,0.97,12.593,3.31,4.676,12.114,3.821,3.855,10.745,3.12,6.593,12.014000000000001,3.5660000000000003,0.0,7.921,3.2230000000000003,4.524,2.165,2.418,5.078,11.905999999999999,7.185
N153LX,2.592,4.505,0.617,3.563,9.818999999999999,6.468,5.345,3.897,6.874,11.427999999999999,5.369,8.882,5.17,6.697,3.1460000000000004,2.262,6.9239999999999995,1.442,2.489,4.896,6.151,1.646,8.062999999999999,2.9619999999999997,6.311,5.341,6.162000000000001,6.42,6.04,4.343999999999999,1.5,2.197,6.678,3.1919999999999997,6.705,0.504,5.252999999999999,7.252999999999999,3.372,5.579,5.5489999999999995,4.754,6.474,8.949,6.053,7.125,5.045,2.124,6.728,4.072,7.212000000000001,4.3660000000000005,4.676,3.634,1.3319999999999999,8.259,6.125,8.369,7.0120000000000005,2.115,3.827,3.583,4.895,8.177,3.09,5.375,3.682,6.407,1.44,3.9539999999999997,9.847000000000001,5.361000000000001,7.03,3.3689999999999998,8.338,3.2889999999999997,3.727,2.88,1.626,4.556,4.482,5.356,5.325,7.296,5.105,5.322,5.033,4.627,4.334,4.822,3.9939999999999998,5.778,4.055,3.585,4.913,7.87,0.0,5.151,6.559,7.335,5.817,2.81,3.477,3.1830000000000003
N134QU,5.507000000000001,2.78,6.275,3.8280000000000003,6.638999999999999,4.975,9.883,2.8369999999999997,4.323,8.248,0.527,8.007,0.773,3.641,5.483,3.344,5.374,4.729,4.14,4.346,1.574,4.869,3.783,6.832999999999999,3.1310000000000002,3.8510000000000004,1.916,4.93,3.765,4.413,6.518,3.4760000000000004,5.186,4.288,5.215,5.994,1.2930000000000001,2.541,8.125,10.117,10.087,9.128,4.843999999999999,5.35,1.7080000000000002,2.7760000000000002,2.778,6.117999999999999,1.992,8.826,6.731,1.331,10.166,6.01,6.822,4.501,4.635,6.813,5.522,3.6289999999999996,7.478,9.399,10.385,3.719,7.843999999999999,0.35600000000000004,9.498,6.975,6.867999999999999,9.443999999999999,7.435,0.726,5.48,8.191,3.88,8.779,1.829,8.37,6.268,2.637,1.681,0.945,0.306,2.551,10.595,1.3130000000000002,3.335,10.117,1.824,1.224,8.747,2.415,4.593,9.401,1.568,3.158,5.922999999999999,0.0,3.3789999999999996,2.877,0.997,3.738,9.293,5.187
N212BD,6.146,2.83,6.914,6.763,8.304,5.617000000000001,10.522,5.772,7.577999999999999,9.913,3.2910000000000004,4.188,3.824,0.529,6.122000000000001,6.153,2.7939999999999996,5.367999999999999,4.779,4.988,2.9939999999999998,5.507999999999999,5.257999999999999,7.472,0.34,2.7,1.9409999999999998,2.383,7.019,5.055,7.157,7.216,5.827000000000001,4.927,1.8230000000000002,6.632999999999999,4.228,4.11,8.764,10.755999999999998,10.725999999999999,9.767000000000001,2.467,7.015,2.4619999999999997,1.517,5.712999999999999,6.757000000000001,5.011,9.465,7.372999999999999,3.5639999999999996,10.805,6.649,7.461,6.165,1.286,4.651,2.318,5.026,7.098,8.092,11.024000000000001,3.048,8.482999999999999,3.248,8.191,7.617000000000001,7.507000000000001,10.083,9.099,3.49,3.023,7.222,3.002,9.418,4.763999999999999,9.009,6.907,5.572,3.3989999999999996,3.4960000000000004,3.073,4.12,11.234000000000002,2.306,6.27,10.755999999999998,2.72,3.142,9.386000000000001,6.27,5.234,8.094,2.4819999999999998,4.856,6.562,3.6889999999999996,0.0,2.697,3.76,6.672999999999999,7.986000000000001,5.8260000000000005
N211JG,7.011,3.609,7.779,5.972,6.159,6.482,11.388,5.417999999999999,5.231,7.768,2.8080000000000003,6.282,3.213,2.6439999999999997,6.987,7.018,4.862,6.233,5.644,5.853,1.929,6.372999999999999,2.912,8.337,2.4619999999999997,4.644,1.58,4.357,4.673,5.92,8.023,6.202000000000001,6.693,5.792999999999999,3.918,7.497999999999999,4.06,1.764,9.63,11.620999999999999,11.591,10.632,4.4110000000000005,4.87,1.521,1.514,4.922,7.622000000000001,2.665,10.33,8.238,3.783,11.67,7.515,8.326,4.02,3.38,6.745,4.412,5.891,7.962999999999999,8.957,11.889000000000001,0.904,9.347999999999999,2.73,9.056000000000001,8.482000000000001,8.372,10.948,6.954,2.698,4.967,8.088,1.065,10.283,4.246,9.874,7.772,4.781000000000001,3.698,3.715,2.555,1.7730000000000001,12.1,2.134,5.479,11.620999999999999,3.3280000000000003,3.361,10.252,3.923,6.099,8.959,2.8339999999999996,2.38,7.428,3.217,2.71,0.0,2.786,5.882000000000001,10.799000000000001,6.692
N134QA,5.885,3.159,6.653,3.779,5.928999999999999,5.516,10.262,3.225,3.613,7.537999999999999,1.034,8.548,1.345,4.226,5.861000000000001,3.695,5.915,5.107,4.518,4.886,0.889,5.247000000000001,3.073,7.211,3.623,4.229,2.512,5.308,3.055,4.954,6.897,4.01,5.726,4.667,5.593999999999999,6.372000000000001,1.867,1.857,8.504,10.495,10.465,9.507,5.3839999999999995,4.64,1.63,2.766,2.7289999999999996,6.496,1.416,9.204,7.272,1.837,10.544,6.388999999999999,7.2,3.7910000000000004,5.013,7.354,5.901,3.9789999999999996,8.017999999999999,9.939,10.763,3.761,8.222000000000001,0.862,10.038,7.515,7.247000000000001,9.822000000000001,6.725,0.659,6.02,6.962000000000001,3.9219999999999997,9.157,2.1790000000000003,8.748,6.646,2.589,2.188,1.4509999999999998,0.688,1.8659999999999999,10.974,1.6909999999999998,3.286,10.495,2.202,1.7309999999999999,9.126,1.7309999999999999,5.132999999999999,9.941,1.9469999999999998,2.4730000000000003,6.3020000000000005,0.975,3.8710000000000004,2.92,0.0,3.6889999999999996,9.833,5.566
N227RU,4.4510000000000005,5.497000000000001,3.167,0.9690000000000001,6.696000000000001,7.4239999999999995,8.17,1.473,3.94,8.306000000000001,4.3389999999999995,10.456,3.83,7.69,4.427,1.805,7.8229999999999995,2.7960000000000003,3.562,6.795,4.626,2.7710000000000004,5.019,6.047999999999999,7.303999999999999,6.334,6.275,7.412999999999999,3.1060000000000003,6.862,4.585,0.626,7.635,4.405,7.6979999999999995,3.161,2.8080000000000003,4.828,6.031000000000001,8.404,8.374,7.579,7.292999999999999,5.647,5.725,6.529,2.135,5.209,3.905,6.731,9.18,4.474,6.794,4.954,4.888999999999999,4.958,7.117999999999999,9.262,8.005,3.0,5.403,6.667999999999999,6.92,6.9079999999999995,5.749,4.034,6.767,9.424,4.935,6.779,7.492000000000001,4.192,7.928999999999999,5.527,7.244,6.114,2.461,5.539,4.711,1.6469999999999998,4.825,3.859,3.984,4.474,7.41,4.9910000000000005,1.0070000000000001,6.652,5.3260000000000005,4.368,6.653,2.7239999999999998,5.431,6.67,5.164,5.444,3.123,4.323,7.5520000000000005,6.2410000000000005,4.058,0.0,6.562,4.4
N179GP,2.097,5.983,3.675,7.068,14.312000000000001,4.9639999999999995,4.874,6.5,9.205,15.921,6.848,7.712999999999999,6.982,8.176,3.136,4.864,6.462999999999999,4.044,3.304,4.836,7.629,4.249,9.88,2.3369999999999997,7.789,7.6160000000000005,7.64,6.912000000000001,8.642000000000001,4.843999999999999,2.175,5.7010000000000005,4.8919999999999995,4.67,7.261,3.3560000000000003,9.747,8.732000000000001,3.116,5.107,5.078,4.119,6.724,13.442,7.532,8.603,7.375,1.348,8.834,3.8160000000000003,5.3629999999999995,5.843999999999999,5.121,2.3930000000000002,3.2310000000000003,12.752,7.603,6.519,7.7589999999999995,4.718,4.8389999999999995,0.149,5.34,9.655,2.835,7.013999999999999,0.248,4.558,2.076,3.929,15.107999999999999,7.404,6.836,2.7439999999999998,9.816,3.734,6.33,3.122,2.041,7.159,5.961,6.655,6.987,8.742,5.55,6.801,7.635,5.072,5.812,6.301,3.738,10.272,4.748,0.691,6.392,9.347999999999999,3.6039999999999996,7.603,8.038,8.812999999999999,7.675,6.314,0.0,3.284
N178AJ,1.35,3.786,3.5189999999999997,5.184,10.026,4.515,5.726,4.708,7.685,11.635,4.65,7.265,4.785,5.979,0.193,2.7089999999999996,4.117,1.973,1.1059999999999999,2.763,5.432,2.094,7.683,2.675,5.5920000000000005,4.622,5.443,5.7010000000000005,6.85,2.211,2.416,3.818,4.4430000000000005,2.4730000000000003,5.986000000000001,3.238,5.849,6.535,3.968,5.96,5.93,4.971,4.12,9.363,5.334,6.406000000000001,5.855,1.9609999999999999,6.6370000000000005,4.668,4.915,3.647,5.973,1.5090000000000001,3.472,8.513,5.406000000000001,6.071000000000001,6.294,1.986,1.895,3.2960000000000003,6.192,7.457999999999999,3.687,4.817,3.395,4.11,3.1460000000000004,4.781000000000001,10.821,5.207000000000001,4.2219999999999995,2.02,7.619,4.586,4.195,3.9739999999999998,2.404,5.367000000000001,3.763,4.457,4.79,6.544,6.402,4.603,5.843,5.9239999999999995,3.615,4.104,4.59,6.374,1.923,3.298,4.194,7.151,3.168,5.746,5.84,6.6160000000000005,5.477,4.431,3.19,0.0
